2025-11-26T21:55:17.257+03:00  INFO 13772 --- [main] org.example.Main                         : Starting Main using Java 20 with PID 13772 (D:\fuelRefactored\FuelCleanCode\Service\target\classes started by GIGABYTE in D:\fuelRefactored\FuelCleanCode)
2025-11-26T21:55:17.279+03:00  INFO 13772 --- [main] org.example.Main                         : The following 1 profile is active: "local"
2025-11-26T21:55:26.024+03:00  INFO 13772 --- [main] .s.d.r.c.RepositoryConfigurationDelegate : Bootstrapping Spring Data JPA repositories in DEFAULT mode.
2025-11-26T21:55:26.363+03:00  INFO 13772 --- [main] .s.d.r.c.RepositoryConfigurationDelegate : Finished Spring Data repository scanning in 328 ms. Found 25 JPA repository interfaces.
2025-11-26T21:55:28.314+03:00  INFO 13772 --- [main] o.s.b.w.embedded.tomcat.TomcatWebServer  : Tomcat initialized with port(s): 9091 (http)
2025-11-26T21:55:28.325+03:00  INFO 13772 --- [main] o.apache.catalina.core.StandardService   : Starting service [Tomcat]
2025-11-26T21:55:28.325+03:00  INFO 13772 --- [main] o.apache.catalina.core.StandardEngine    : Starting Servlet engine: [Apache Tomcat/10.1.7]
2025-11-26T21:55:28.472+03:00  INFO 13772 --- [main] o.a.c.c.C.[Tomcat].[localhost].[/]       : Initializing Spring embedded WebApplicationContext
2025-11-26T21:55:28.472+03:00  INFO 13772 --- [main] w.s.c.ServletWebServerApplicationContext : Root WebApplicationContext: initialization completed in 11126 ms
2025-11-26T21:55:28.962+03:00  INFO 13772 --- [main] o.hibernate.jpa.internal.util.LogHelper  : HHH000204: Processing PersistenceUnitInfo [name: default]
2025-11-26T21:55:29.030+03:00  INFO 13772 --- [main] org.hibernate.Version                    : HHH000412: Hibernate ORM core version 6.1.7.Final
2025-11-26T21:55:29.460+03:00  INFO 13772 --- [main] com.zaxxer.hikari.HikariDataSource       : HikariPool-1 - Starting...
2025-11-26T21:55:30.626+03:00 ERROR 13772 --- [main] com.zaxxer.hikari.pool.HikariPool        : HikariPool-1 - Exception during pool initialization.

com.mysql.cj.jdbc.exceptions.CommunicationsException: Communications link failure

The last packet sent successfully to the server was 0 milliseconds ago. The driver has not received any packets from the server.
	at com.mysql.cj.jdbc.exceptions.SQLError.createCommunicationsException(SQLError.java:174) ~[mysql-connector-j-8.0.32.jar:8.0.32]
	at com.mysql.cj.jdbc.exceptions.SQLExceptionsMapping.translateException(SQLExceptionsMapping.java:64) ~[mysql-connector-j-8.0.32.jar:8.0.32]
	at com.mysql.cj.jdbc.ConnectionImpl.createNewIO(ConnectionImpl.java:824) ~[mysql-connector-j-8.0.32.jar:8.0.32]
	at com.mysql.cj.jdbc.ConnectionImpl.<init>(ConnectionImpl.java:444) ~[mysql-connector-j-8.0.32.jar:8.0.32]
	at com.mysql.cj.jdbc.ConnectionImpl.getInstance(ConnectionImpl.java:237) ~[mysql-connector-j-8.0.32.jar:8.0.32]
	at com.mysql.cj.jdbc.NonRegisteringDriver.connect(NonRegisteringDriver.java:198) ~[mysql-connector-j-8.0.32.jar:8.0.32]
	at com.zaxxer.hikari.util.DriverDataSource.getConnection(DriverDataSource.java:138) ~[HikariCP-5.0.1.jar:na]
	at com.zaxxer.hikari.pool.PoolBase.newConnection(PoolBase.java:359) ~[HikariCP-5.0.1.jar:na]
	at com.zaxxer.hikari.pool.PoolBase.newPoolEntry(PoolBase.java:201) ~[HikariCP-5.0.1.jar:na]
	at com.zaxxer.hikari.pool.HikariPool.createPoolEntry(HikariPool.java:470) ~[HikariCP-5.0.1.jar:na]
	at com.zaxxer.hikari.pool.HikariPool.checkFailFast(HikariPool.java:561) ~[HikariCP-5.0.1.jar:na]
	at com.zaxxer.hikari.pool.HikariPool.<init>(HikariPool.java:100) ~[HikariCP-5.0.1.jar:na]
	at com.zaxxer.hikari.HikariDataSource.getConnection(HikariDataSource.java:112) ~[HikariCP-5.0.1.jar:na]
	at org.hibernate.engine.jdbc.connections.internal.DatasourceConnectionProviderImpl.getConnection(DatasourceConnectionProviderImpl.java:122) ~[hibernate-core-6.1.7.Final.jar:6.1.7.Final]
	at org.hibernate.engine.jdbc.env.internal.JdbcEnvironmentInitiator$ConnectionProviderJdbcConnectionAccess.obtainConnection(JdbcEnvironmentInitiator.java:284) ~[hibernate-core-6.1.7.Final.jar:6.1.7.Final]
	at org.hibernate.engine.jdbc.env.internal.JdbcEnvironmentInitiator.initiateService(JdbcEnvironmentInitiator.java:177) ~[hibernate-core-6.1.7.Final.jar:6.1.7.Final]
	at org.hibernate.engine.jdbc.env.internal.JdbcEnvironmentInitiator.initiateService(JdbcEnvironmentInitiator.java:36) ~[hibernate-core-6.1.7.Final.jar:6.1.7.Final]
	at org.hibernate.boot.registry.internal.StandardServiceRegistryImpl.initiateService(StandardServiceRegistryImpl.java:119) ~[hibernate-core-6.1.7.Final.jar:6.1.7.Final]
	at org.hibernate.service.internal.AbstractServiceRegistryImpl.createService(AbstractServiceRegistryImpl.java:255) ~[hibernate-core-6.1.7.Final.jar:6.1.7.Final]
	at org.hibernate.service.internal.AbstractServiceRegistryImpl.initializeService(AbstractServiceRegistryImpl.java:230) ~[hibernate-core-6.1.7.Final.jar:6.1.7.Final]
	at org.hibernate.service.internal.AbstractServiceRegistryImpl.getService(AbstractServiceRegistryImpl.java:207) ~[hibernate-core-6.1.7.Final.jar:6.1.7.Final]
	at org.hibernate.boot.model.relational.Database.<init>(Database.java:44) ~[hibernate-core-6.1.7.Final.jar:6.1.7.Final]
	at org.hibernate.boot.internal.InFlightMetadataCollectorImpl.getDatabase(InFlightMetadataCollectorImpl.java:218) ~[hibernate-core-6.1.7.Final.jar:6.1.7.Final]
	at org.hibernate.boot.internal.InFlightMetadataCollectorImpl.<init>(InFlightMetadataCollectorImpl.java:191) ~[hibernate-core-6.1.7.Final.jar:6.1.7.Final]
	at org.hibernate.boot.model.process.spi.MetadataBuildingProcess.complete(MetadataBuildingProcess.java:138) ~[hibernate-core-6.1.7.Final.jar:6.1.7.Final]
	at org.hibernate.jpa.boot.internal.EntityManagerFactoryBuilderImpl.metadata(EntityManagerFactoryBuilderImpl.java:1348) ~[hibernate-core-6.1.7.Final.jar:6.1.7.Final]
	at org.hibernate.jpa.boot.internal.EntityManagerFactoryBuilderImpl.build(EntityManagerFactoryBuilderImpl.java:1419) ~[hibernate-core-6.1.7.Final.jar:6.1.7.Final]
	at org.springframework.orm.jpa.vendor.SpringHibernateJpaPersistenceProvider.createContainerEntityManagerFactory(SpringHibernateJpaPersistenceProvider.java:66) ~[spring-orm-6.0.7.jar:6.0.7]
	at org.springframework.orm.jpa.LocalContainerEntityManagerFactoryBean.createNativeEntityManagerFactory(LocalContainerEntityManagerFactoryBean.java:376) ~[spring-orm-6.0.7.jar:6.0.7]
	at org.springframework.orm.jpa.AbstractEntityManagerFactoryBean.buildNativeEntityManagerFactory(AbstractEntityManagerFactoryBean.java:409) ~[spring-orm-6.0.7.jar:6.0.7]
	at org.springframework.orm.jpa.AbstractEntityManagerFactoryBean.afterPropertiesSet(AbstractEntityManagerFactoryBean.java:396) ~[spring-orm-6.0.7.jar:6.0.7]
	at org.springframework.orm.jpa.LocalContainerEntityManagerFactoryBean.afterPropertiesSet(LocalContainerEntityManagerFactoryBean.java:352) ~[spring-orm-6.0.7.jar:6.0.7]
	at org.springframework.beans.factory.support.AbstractAutowireCapableBeanFactory.invokeInitMethods(AbstractAutowireCapableBeanFactory.java:1816) ~[spring-beans-6.0.7.jar:6.0.7]
	at org.springframework.beans.factory.support.AbstractAutowireCapableBeanFactory.initializeBean(AbstractAutowireCapableBeanFactory.java:1766) ~[spring-beans-6.0.7.jar:6.0.7]
	at org.springframework.beans.factory.support.AbstractAutowireCapableBeanFactory.doCreateBean(AbstractAutowireCapableBeanFactory.java:598) ~[spring-beans-6.0.7.jar:6.0.7]
	at org.springframework.beans.factory.support.AbstractAutowireCapableBeanFactory.createBean(AbstractAutowireCapableBeanFactory.java:520) ~[spring-beans-6.0.7.jar:6.0.7]
	at org.springframework.beans.factory.support.AbstractBeanFactory.lambda$doGetBean$0(AbstractBeanFactory.java:326) ~[spring-beans-6.0.7.jar:6.0.7]
	at org.springframework.beans.factory.support.DefaultSingletonBeanRegistry.getSingleton(DefaultSingletonBeanRegistry.java:234) ~[spring-beans-6.0.7.jar:6.0.7]
	at org.springframework.beans.factory.support.AbstractBeanFactory.doGetBean(AbstractBeanFactory.java:324) ~[spring-beans-6.0.7.jar:6.0.7]
	at org.springframework.beans.factory.support.AbstractBeanFactory.getBean(AbstractBeanFactory.java:200) ~[spring-beans-6.0.7.jar:6.0.7]
	at org.springframework.context.support.AbstractApplicationContext.getBean(AbstractApplicationContext.java:1132) ~[spring-context-6.0.7.jar:6.0.7]
	at org.springframework.context.support.AbstractApplicationContext.finishBeanFactoryInitialization(AbstractApplicationContext.java:907) ~[spring-context-6.0.7.jar:6.0.7]
	at org.springframework.context.support.AbstractApplicationContext.refresh(AbstractApplicationContext.java:584) ~[spring-context-6.0.7.jar:6.0.7]
	at org.springframework.boot.web.servlet.context.ServletWebServerApplicationContext.refresh(ServletWebServerApplicationContext.java:146) ~[spring-boot-3.0.5.jar:3.0.5]
	at org.springframework.boot.SpringApplication.refresh(SpringApplication.java:732) ~[spring-boot-3.0.5.jar:3.0.5]
	at org.springframework.boot.SpringApplication.refreshContext(SpringApplication.java:434) ~[spring-boot-3.0.5.jar:3.0.5]
	at org.springframework.boot.SpringApplication.run(SpringApplication.java:310) ~[spring-boot-3.0.5.jar:3.0.5]
	at org.springframework.boot.SpringApplication.run(SpringApplication.java:1304) ~[spring-boot-3.0.5.jar:3.0.5]
	at org.springframework.boot.SpringApplication.run(SpringApplication.java:1293) ~[spring-boot-3.0.5.jar:3.0.5]
	at org.example.Main.main(Main.java:9) ~[classes/:na]
Caused by: com.mysql.cj.exceptions.CJCommunicationsException: Communications link failure

The last packet sent successfully to the server was 0 milliseconds ago. The driver has not received any packets from the server.
	at java.base/jdk.internal.reflect.DirectConstructorHandleAccessor.newInstance(DirectConstructorHandleAccessor.java:67) ~[na:na]
	at java.base/java.lang.reflect.Constructor.newInstanceWithCaller(Constructor.java:500) ~[na:na]
	at java.base/java.lang.reflect.Constructor.newInstance(Constructor.java:484) ~[na:na]
	at com.mysql.cj.exceptions.ExceptionFactory.createException(ExceptionFactory.java:61) ~[mysql-connector-j-8.0.32.jar:8.0.32]
	at com.mysql.cj.exceptions.ExceptionFactory.createException(ExceptionFactory.java:105) ~[mysql-connector-j-8.0.32.jar:8.0.32]
	at com.mysql.cj.exceptions.ExceptionFactory.createException(ExceptionFactory.java:151) ~[mysql-connector-j-8.0.32.jar:8.0.32]
	at com.mysql.cj.exceptions.ExceptionFactory.createCommunicationsException(ExceptionFactory.java:167) ~[mysql-connector-j-8.0.32.jar:8.0.32]
	at com.mysql.cj.protocol.a.NativeSocketConnection.connect(NativeSocketConnection.java:89) ~[mysql-connector-j-8.0.32.jar:8.0.32]
	at com.mysql.cj.NativeSession.connect(NativeSession.java:120) ~[mysql-connector-j-8.0.32.jar:8.0.32]
	at com.mysql.cj.jdbc.ConnectionImpl.connectOneTryOnly(ConnectionImpl.java:944) ~[mysql-connector-j-8.0.32.jar:8.0.32]
	at com.mysql.cj.jdbc.ConnectionImpl.createNewIO(ConnectionImpl.java:814) ~[mysql-connector-j-8.0.32.jar:8.0.32]
	... 47 common frames omitted
Caused by: java.net.ConnectException: Connection refused: no further information
	at java.base/sun.nio.ch.Net.pollConnect(Native Method) ~[na:na]
	at java.base/sun.nio.ch.Net.pollConnectNow(Net.java:673) ~[na:na]
	at java.base/sun.nio.ch.NioSocketImpl.timedFinishConnect(NioSocketImpl.java:535) ~[na:na]
	at java.base/sun.nio.ch.NioSocketImpl.connect(NioSocketImpl.java:585) ~[na:na]
	at java.base/java.net.SocksSocketImpl.connect(SocksSocketImpl.java:327) ~[na:na]
	at java.base/java.net.Socket.connect(Socket.java:666) ~[na:na]
	at com.mysql.cj.protocol.StandardSocketFactory.connect(StandardSocketFactory.java:153) ~[mysql-connector-j-8.0.32.jar:8.0.32]
	at com.mysql.cj.protocol.a.NativeSocketConnection.connect(NativeSocketConnection.java:63) ~[mysql-connector-j-8.0.32.jar:8.0.32]
	... 50 common frames omitted

2025-11-26T21:55:30.645+03:00  WARN 13772 --- [main] o.h.e.j.e.i.JdbcEnvironmentInitiator     : HHH000342: Could not obtain connection to query metadata

com.mysql.cj.jdbc.exceptions.CommunicationsException: Communications link failure

The last packet sent successfully to the server was 0 milliseconds ago. The driver has not received any packets from the server.
	at com.mysql.cj.jdbc.exceptions.SQLError.createCommunicationsException(SQLError.java:174) ~[mysql-connector-j-8.0.32.jar:8.0.32]
	at com.mysql.cj.jdbc.exceptions.SQLExceptionsMapping.translateException(SQLExceptionsMapping.java:64) ~[mysql-connector-j-8.0.32.jar:8.0.32]
	at com.mysql.cj.jdbc.ConnectionImpl.createNewIO(ConnectionImpl.java:824) ~[mysql-connector-j-8.0.32.jar:8.0.32]
	at com.mysql.cj.jdbc.ConnectionImpl.<init>(ConnectionImpl.java:444) ~[mysql-connector-j-8.0.32.jar:8.0.32]
	at com.mysql.cj.jdbc.ConnectionImpl.getInstance(ConnectionImpl.java:237) ~[mysql-connector-j-8.0.32.jar:8.0.32]
	at com.mysql.cj.jdbc.NonRegisteringDriver.connect(NonRegisteringDriver.java:198) ~[mysql-connector-j-8.0.32.jar:8.0.32]
	at com.zaxxer.hikari.util.DriverDataSource.getConnection(DriverDataSource.java:138) ~[HikariCP-5.0.1.jar:na]
	at com.zaxxer.hikari.pool.PoolBase.newConnection(PoolBase.java:359) ~[HikariCP-5.0.1.jar:na]
	at com.zaxxer.hikari.pool.PoolBase.newPoolEntry(PoolBase.java:201) ~[HikariCP-5.0.1.jar:na]
	at com.zaxxer.hikari.pool.HikariPool.createPoolEntry(HikariPool.java:470) ~[HikariCP-5.0.1.jar:na]
	at com.zaxxer.hikari.pool.HikariPool.checkFailFast(HikariPool.java:561) ~[HikariCP-5.0.1.jar:na]
	at com.zaxxer.hikari.pool.HikariPool.<init>(HikariPool.java:100) ~[HikariCP-5.0.1.jar:na]
	at com.zaxxer.hikari.HikariDataSource.getConnection(HikariDataSource.java:112) ~[HikariCP-5.0.1.jar:na]
	at org.hibernate.engine.jdbc.connections.internal.DatasourceConnectionProviderImpl.getConnection(DatasourceConnectionProviderImpl.java:122) ~[hibernate-core-6.1.7.Final.jar:6.1.7.Final]
	at org.hibernate.engine.jdbc.env.internal.JdbcEnvironmentInitiator$ConnectionProviderJdbcConnectionAccess.obtainConnection(JdbcEnvironmentInitiator.java:284) ~[hibernate-core-6.1.7.Final.jar:6.1.7.Final]
	at org.hibernate.engine.jdbc.env.internal.JdbcEnvironmentInitiator.initiateService(JdbcEnvironmentInitiator.java:177) ~[hibernate-core-6.1.7.Final.jar:6.1.7.Final]
	at org.hibernate.engine.jdbc.env.internal.JdbcEnvironmentInitiator.initiateService(JdbcEnvironmentInitiator.java:36) ~[hibernate-core-6.1.7.Final.jar:6.1.7.Final]
	at org.hibernate.boot.registry.internal.StandardServiceRegistryImpl.initiateService(StandardServiceRegistryImpl.java:119) ~[hibernate-core-6.1.7.Final.jar:6.1.7.Final]
	at org.hibernate.service.internal.AbstractServiceRegistryImpl.createService(AbstractServiceRegistryImpl.java:255) ~[hibernate-core-6.1.7.Final.jar:6.1.7.Final]
	at org.hibernate.service.internal.AbstractServiceRegistryImpl.initializeService(AbstractServiceRegistryImpl.java:230) ~[hibernate-core-6.1.7.Final.jar:6.1.7.Final]
	at org.hibernate.service.internal.AbstractServiceRegistryImpl.getService(AbstractServiceRegistryImpl.java:207) ~[hibernate-core-6.1.7.Final.jar:6.1.7.Final]
	at org.hibernate.boot.model.relational.Database.<init>(Database.java:44) ~[hibernate-core-6.1.7.Final.jar:6.1.7.Final]
	at org.hibernate.boot.internal.InFlightMetadataCollectorImpl.getDatabase(InFlightMetadataCollectorImpl.java:218) ~[hibernate-core-6.1.7.Final.jar:6.1.7.Final]
	at org.hibernate.boot.internal.InFlightMetadataCollectorImpl.<init>(InFlightMetadataCollectorImpl.java:191) ~[hibernate-core-6.1.7.Final.jar:6.1.7.Final]
	at org.hibernate.boot.model.process.spi.MetadataBuildingProcess.complete(MetadataBuildingProcess.java:138) ~[hibernate-core-6.1.7.Final.jar:6.1.7.Final]
	at org.hibernate.jpa.boot.internal.EntityManagerFactoryBuilderImpl.metadata(EntityManagerFactoryBuilderImpl.java:1348) ~[hibernate-core-6.1.7.Final.jar:6.1.7.Final]
	at org.hibernate.jpa.boot.internal.EntityManagerFactoryBuilderImpl.build(EntityManagerFactoryBuilderImpl.java:1419) ~[hibernate-core-6.1.7.Final.jar:6.1.7.Final]
	at org.springframework.orm.jpa.vendor.SpringHibernateJpaPersistenceProvider.createContainerEntityManagerFactory(SpringHibernateJpaPersistenceProvider.java:66) ~[spring-orm-6.0.7.jar:6.0.7]
	at org.springframework.orm.jpa.LocalContainerEntityManagerFactoryBean.createNativeEntityManagerFactory(LocalContainerEntityManagerFactoryBean.java:376) ~[spring-orm-6.0.7.jar:6.0.7]
	at org.springframework.orm.jpa.AbstractEntityManagerFactoryBean.buildNativeEntityManagerFactory(AbstractEntityManagerFactoryBean.java:409) ~[spring-orm-6.0.7.jar:6.0.7]
	at org.springframework.orm.jpa.AbstractEntityManagerFactoryBean.afterPropertiesSet(AbstractEntityManagerFactoryBean.java:396) ~[spring-orm-6.0.7.jar:6.0.7]
	at org.springframework.orm.jpa.LocalContainerEntityManagerFactoryBean.afterPropertiesSet(LocalContainerEntityManagerFactoryBean.java:352) ~[spring-orm-6.0.7.jar:6.0.7]
	at org.springframework.beans.factory.support.AbstractAutowireCapableBeanFactory.invokeInitMethods(AbstractAutowireCapableBeanFactory.java:1816) ~[spring-beans-6.0.7.jar:6.0.7]
	at org.springframework.beans.factory.support.AbstractAutowireCapableBeanFactory.initializeBean(AbstractAutowireCapableBeanFactory.java:1766) ~[spring-beans-6.0.7.jar:6.0.7]
	at org.springframework.beans.factory.support.AbstractAutowireCapableBeanFactory.doCreateBean(AbstractAutowireCapableBeanFactory.java:598) ~[spring-beans-6.0.7.jar:6.0.7]
	at org.springframework.beans.factory.support.AbstractAutowireCapableBeanFactory.createBean(AbstractAutowireCapableBeanFactory.java:520) ~[spring-beans-6.0.7.jar:6.0.7]
	at org.springframework.beans.factory.support.AbstractBeanFactory.lambda$doGetBean$0(AbstractBeanFactory.java:326) ~[spring-beans-6.0.7.jar:6.0.7]
	at org.springframework.beans.factory.support.DefaultSingletonBeanRegistry.getSingleton(DefaultSingletonBeanRegistry.java:234) ~[spring-beans-6.0.7.jar:6.0.7]
	at org.springframework.beans.factory.support.AbstractBeanFactory.doGetBean(AbstractBeanFactory.java:324) ~[spring-beans-6.0.7.jar:6.0.7]
	at org.springframework.beans.factory.support.AbstractBeanFactory.getBean(AbstractBeanFactory.java:200) ~[spring-beans-6.0.7.jar:6.0.7]
	at org.springframework.context.support.AbstractApplicationContext.getBean(AbstractApplicationContext.java:1132) ~[spring-context-6.0.7.jar:6.0.7]
	at org.springframework.context.support.AbstractApplicationContext.finishBeanFactoryInitialization(AbstractApplicationContext.java:907) ~[spring-context-6.0.7.jar:6.0.7]
	at org.springframework.context.support.AbstractApplicationContext.refresh(AbstractApplicationContext.java:584) ~[spring-context-6.0.7.jar:6.0.7]
	at org.springframework.boot.web.servlet.context.ServletWebServerApplicationContext.refresh(ServletWebServerApplicationContext.java:146) ~[spring-boot-3.0.5.jar:3.0.5]
	at org.springframework.boot.SpringApplication.refresh(SpringApplication.java:732) ~[spring-boot-3.0.5.jar:3.0.5]
	at org.springframework.boot.SpringApplication.refreshContext(SpringApplication.java:434) ~[spring-boot-3.0.5.jar:3.0.5]
	at org.springframework.boot.SpringApplication.run(SpringApplication.java:310) ~[spring-boot-3.0.5.jar:3.0.5]
	at org.springframework.boot.SpringApplication.run(SpringApplication.java:1304) ~[spring-boot-3.0.5.jar:3.0.5]
	at org.springframework.boot.SpringApplication.run(SpringApplication.java:1293) ~[spring-boot-3.0.5.jar:3.0.5]
	at org.example.Main.main(Main.java:9) ~[classes/:na]
Caused by: com.mysql.cj.exceptions.CJCommunicationsException: Communications link failure

The last packet sent successfully to the server was 0 milliseconds ago. The driver has not received any packets from the server.
	at java.base/jdk.internal.reflect.DirectConstructorHandleAccessor.newInstance(DirectConstructorHandleAccessor.java:67) ~[na:na]
	at java.base/java.lang.reflect.Constructor.newInstanceWithCaller(Constructor.java:500) ~[na:na]
	at java.base/java.lang.reflect.Constructor.newInstance(Constructor.java:484) ~[na:na]
	at com.mysql.cj.exceptions.ExceptionFactory.createException(ExceptionFactory.java:61) ~[mysql-connector-j-8.0.32.jar:8.0.32]
	at com.mysql.cj.exceptions.ExceptionFactory.createException(ExceptionFactory.java:105) ~[mysql-connector-j-8.0.32.jar:8.0.32]
	at com.mysql.cj.exceptions.ExceptionFactory.createException(ExceptionFactory.java:151) ~[mysql-connector-j-8.0.32.jar:8.0.32]
	at com.mysql.cj.exceptions.ExceptionFactory.createCommunicationsException(ExceptionFactory.java:167) ~[mysql-connector-j-8.0.32.jar:8.0.32]
	at com.mysql.cj.protocol.a.NativeSocketConnection.connect(NativeSocketConnection.java:89) ~[mysql-connector-j-8.0.32.jar:8.0.32]
	at com.mysql.cj.NativeSession.connect(NativeSession.java:120) ~[mysql-connector-j-8.0.32.jar:8.0.32]
	at com.mysql.cj.jdbc.ConnectionImpl.connectOneTryOnly(ConnectionImpl.java:944) ~[mysql-connector-j-8.0.32.jar:8.0.32]
	at com.mysql.cj.jdbc.ConnectionImpl.createNewIO(ConnectionImpl.java:814) ~[mysql-connector-j-8.0.32.jar:8.0.32]
	... 47 common frames omitted
Caused by: java.net.ConnectException: Connection refused: no further information
	at java.base/sun.nio.ch.Net.pollConnect(Native Method) ~[na:na]
	at java.base/sun.nio.ch.Net.pollConnectNow(Net.java:673) ~[na:na]
	at java.base/sun.nio.ch.NioSocketImpl.timedFinishConnect(NioSocketImpl.java:535) ~[na:na]
	at java.base/sun.nio.ch.NioSocketImpl.connect(NioSocketImpl.java:585) ~[na:na]
	at java.base/java.net.SocksSocketImpl.connect(SocksSocketImpl.java:327) ~[na:na]
	at java.base/java.net.Socket.connect(Socket.java:666) ~[na:na]
	at com.mysql.cj.protocol.StandardSocketFactory.connect(StandardSocketFactory.java:153) ~[mysql-connector-j-8.0.32.jar:8.0.32]
	at com.mysql.cj.protocol.a.NativeSocketConnection.connect(NativeSocketConnection.java:63) ~[mysql-connector-j-8.0.32.jar:8.0.32]
	... 50 common frames omitted

2025-11-26T21:55:30.726+03:00  WARN 13772 --- [main] org.hibernate.dialect.Dialect            : HHH000511: The 5.0.0 version for [org.hibernate.dialect.MySQLDialect] is no longer supported, hence certain features may not work properly. The minimum supported version is 5.7.0. Check the community dialects project for available legacy versions.
2025-11-26T21:55:30.733+03:00  INFO 13772 --- [main] SQL dialect                              : HHH000400: Using dialect: org.hibernate.dialect.MySQLDialect
2025-11-26T21:55:32.503+03:00  INFO 13772 --- [main] com.zaxxer.hikari.HikariDataSource       : HikariPool-1 - Starting...
2025-11-26T21:55:33.544+03:00 ERROR 13772 --- [main] com.zaxxer.hikari.pool.HikariPool        : HikariPool-1 - Exception during pool initialization.

com.mysql.cj.jdbc.exceptions.CommunicationsException: Communications link failure

The last packet sent successfully to the server was 0 milliseconds ago. The driver has not received any packets from the server.
	at com.mysql.cj.jdbc.exceptions.SQLError.createCommunicationsException(SQLError.java:174) ~[mysql-connector-j-8.0.32.jar:8.0.32]
	at com.mysql.cj.jdbc.exceptions.SQLExceptionsMapping.translateException(SQLExceptionsMapping.java:64) ~[mysql-connector-j-8.0.32.jar:8.0.32]
	at com.mysql.cj.jdbc.ConnectionImpl.createNewIO(ConnectionImpl.java:824) ~[mysql-connector-j-8.0.32.jar:8.0.32]
	at com.mysql.cj.jdbc.ConnectionImpl.<init>(ConnectionImpl.java:444) ~[mysql-connector-j-8.0.32.jar:8.0.32]
	at com.mysql.cj.jdbc.ConnectionImpl.getInstance(ConnectionImpl.java:237) ~[mysql-connector-j-8.0.32.jar:8.0.32]
	at com.mysql.cj.jdbc.NonRegisteringDriver.connect(NonRegisteringDriver.java:198) ~[mysql-connector-j-8.0.32.jar:8.0.32]
	at com.zaxxer.hikari.util.DriverDataSource.getConnection(DriverDataSource.java:138) ~[HikariCP-5.0.1.jar:na]
	at com.zaxxer.hikari.pool.PoolBase.newConnection(PoolBase.java:359) ~[HikariCP-5.0.1.jar:na]
	at com.zaxxer.hikari.pool.PoolBase.newPoolEntry(PoolBase.java:201) ~[HikariCP-5.0.1.jar:na]
	at com.zaxxer.hikari.pool.HikariPool.createPoolEntry(HikariPool.java:470) ~[HikariCP-5.0.1.jar:na]
	at com.zaxxer.hikari.pool.HikariPool.checkFailFast(HikariPool.java:561) ~[HikariCP-5.0.1.jar:na]
	at com.zaxxer.hikari.pool.HikariPool.<init>(HikariPool.java:100) ~[HikariCP-5.0.1.jar:na]
	at com.zaxxer.hikari.HikariDataSource.getConnection(HikariDataSource.java:112) ~[HikariCP-5.0.1.jar:na]
	at org.hibernate.engine.jdbc.connections.internal.DatasourceConnectionProviderImpl.getConnection(DatasourceConnectionProviderImpl.java:122) ~[hibernate-core-6.1.7.Final.jar:6.1.7.Final]
	at org.hibernate.engine.jdbc.env.internal.JdbcEnvironmentInitiator$ConnectionProviderJdbcConnectionAccess.obtainConnection(JdbcEnvironmentInitiator.java:284) ~[hibernate-core-6.1.7.Final.jar:6.1.7.Final]
	at org.hibernate.resource.transaction.backend.jdbc.internal.DdlTransactionIsolatorNonJtaImpl.getIsolatedConnection(DdlTransactionIsolatorNonJtaImpl.java:41) ~[hibernate-core-6.1.7.Final.jar:6.1.7.Final]
	at org.hibernate.tool.schema.internal.exec.ImprovedExtractionContextImpl.getJdbcConnection(ImprovedExtractionContextImpl.java:63) ~[hibernate-core-6.1.7.Final.jar:6.1.7.Final]
	at org.hibernate.tool.schema.internal.exec.ImprovedExtractionContextImpl.getJdbcDatabaseMetaData(ImprovedExtractionContextImpl.java:70) ~[hibernate-core-6.1.7.Final.jar:6.1.7.Final]
	at org.hibernate.tool.schema.extract.internal.InformationExtractorJdbcDatabaseMetaDataImpl.processTableResultSet(InformationExtractorJdbcDatabaseMetaDataImpl.java:64) ~[hibernate-core-6.1.7.Final.jar:6.1.7.Final]
	at org.hibernate.tool.schema.extract.internal.AbstractInformationExtractorImpl.getTables(AbstractInformationExtractorImpl.java:564) ~[hibernate-core-6.1.7.Final.jar:6.1.7.Final]
	at org.hibernate.tool.schema.extract.internal.DatabaseInformationImpl.getTablesInformation(DatabaseInformationImpl.java:122) ~[hibernate-core-6.1.7.Final.jar:6.1.7.Final]
	at org.hibernate.tool.schema.internal.GroupedSchemaMigratorImpl.performTablesMigration(GroupedSchemaMigratorImpl.java:71) ~[hibernate-core-6.1.7.Final.jar:6.1.7.Final]
	at org.hibernate.tool.schema.internal.AbstractSchemaMigrator.performMigration(AbstractSchemaMigrator.java:225) ~[hibernate-core-6.1.7.Final.jar:6.1.7.Final]
	at org.hibernate.tool.schema.internal.AbstractSchemaMigrator.doMigration(AbstractSchemaMigrator.java:126) ~[hibernate-core-6.1.7.Final.jar:6.1.7.Final]
	at org.hibernate.tool.schema.spi.SchemaManagementToolCoordinator.performDatabaseAction(SchemaManagementToolCoordinator.java:284) ~[hibernate-core-6.1.7.Final.jar:6.1.7.Final]
	at org.hibernate.tool.schema.spi.SchemaManagementToolCoordinator.lambda$process$5(SchemaManagementToolCoordinator.java:143) ~[hibernate-core-6.1.7.Final.jar:6.1.7.Final]
	at java.base/java.util.HashMap.forEach(HashMap.java:1429) ~[na:na]
	at org.hibernate.tool.schema.spi.SchemaManagementToolCoordinator.process(SchemaManagementToolCoordinator.java:140) ~[hibernate-core-6.1.7.Final.jar:6.1.7.Final]
	at org.hibernate.internal.SessionFactoryImpl.<init>(SessionFactoryImpl.java:336) ~[hibernate-core-6.1.7.Final.jar:6.1.7.Final]
	at org.hibernate.boot.internal.SessionFactoryBuilderImpl.build(SessionFactoryBuilderImpl.java:415) ~[hibernate-core-6.1.7.Final.jar:6.1.7.Final]
	at org.hibernate.jpa.boot.internal.EntityManagerFactoryBuilderImpl.build(EntityManagerFactoryBuilderImpl.java:1423) ~[hibernate-core-6.1.7.Final.jar:6.1.7.Final]
	at org.springframework.orm.jpa.vendor.SpringHibernateJpaPersistenceProvider.createContainerEntityManagerFactory(SpringHibernateJpaPersistenceProvider.java:66) ~[spring-orm-6.0.7.jar:6.0.7]
	at org.springframework.orm.jpa.LocalContainerEntityManagerFactoryBean.createNativeEntityManagerFactory(LocalContainerEntityManagerFactoryBean.java:376) ~[spring-orm-6.0.7.jar:6.0.7]
	at org.springframework.orm.jpa.AbstractEntityManagerFactoryBean.buildNativeEntityManagerFactory(AbstractEntityManagerFactoryBean.java:409) ~[spring-orm-6.0.7.jar:6.0.7]
	at org.springframework.orm.jpa.AbstractEntityManagerFactoryBean.afterPropertiesSet(AbstractEntityManagerFactoryBean.java:396) ~[spring-orm-6.0.7.jar:6.0.7]
	at org.springframework.orm.jpa.LocalContainerEntityManagerFactoryBean.afterPropertiesSet(LocalContainerEntityManagerFactoryBean.java:352) ~[spring-orm-6.0.7.jar:6.0.7]
	at org.springframework.beans.factory.support.AbstractAutowireCapableBeanFactory.invokeInitMethods(AbstractAutowireCapableBeanFactory.java:1816) ~[spring-beans-6.0.7.jar:6.0.7]
	at org.springframework.beans.factory.support.AbstractAutowireCapableBeanFactory.initializeBean(AbstractAutowireCapableBeanFactory.java:1766) ~[spring-beans-6.0.7.jar:6.0.7]
	at org.springframework.beans.factory.support.AbstractAutowireCapableBeanFactory.doCreateBean(AbstractAutowireCapableBeanFactory.java:598) ~[spring-beans-6.0.7.jar:6.0.7]
	at org.springframework.beans.factory.support.AbstractAutowireCapableBeanFactory.createBean(AbstractAutowireCapableBeanFactory.java:520) ~[spring-beans-6.0.7.jar:6.0.7]
	at org.springframework.beans.factory.support.AbstractBeanFactory.lambda$doGetBean$0(AbstractBeanFactory.java:326) ~[spring-beans-6.0.7.jar:6.0.7]
	at org.springframework.beans.factory.support.DefaultSingletonBeanRegistry.getSingleton(DefaultSingletonBeanRegistry.java:234) ~[spring-beans-6.0.7.jar:6.0.7]
	at org.springframework.beans.factory.support.AbstractBeanFactory.doGetBean(AbstractBeanFactory.java:324) ~[spring-beans-6.0.7.jar:6.0.7]
	at org.springframework.beans.factory.support.AbstractBeanFactory.getBean(AbstractBeanFactory.java:200) ~[spring-beans-6.0.7.jar:6.0.7]
	at org.springframework.context.support.AbstractApplicationContext.getBean(AbstractApplicationContext.java:1132) ~[spring-context-6.0.7.jar:6.0.7]
	at org.springframework.context.support.AbstractApplicationContext.finishBeanFactoryInitialization(AbstractApplicationContext.java:907) ~[spring-context-6.0.7.jar:6.0.7]
	at org.springframework.context.support.AbstractApplicationContext.refresh(AbstractApplicationContext.java:584) ~[spring-context-6.0.7.jar:6.0.7]
	at org.springframework.boot.web.servlet.context.ServletWebServerApplicationContext.refresh(ServletWebServerApplicationContext.java:146) ~[spring-boot-3.0.5.jar:3.0.5]
	at org.springframework.boot.SpringApplication.refresh(SpringApplication.java:732) ~[spring-boot-3.0.5.jar:3.0.5]
	at org.springframework.boot.SpringApplication.refreshContext(SpringApplication.java:434) ~[spring-boot-3.0.5.jar:3.0.5]
	at org.springframework.boot.SpringApplication.run(SpringApplication.java:310) ~[spring-boot-3.0.5.jar:3.0.5]
	at org.springframework.boot.SpringApplication.run(SpringApplication.java:1304) ~[spring-boot-3.0.5.jar:3.0.5]
	at org.springframework.boot.SpringApplication.run(SpringApplication.java:1293) ~[spring-boot-3.0.5.jar:3.0.5]
	at org.example.Main.main(Main.java:9) ~[classes/:na]
Caused by: com.mysql.cj.exceptions.CJCommunicationsException: Communications link failure

The last packet sent successfully to the server was 0 milliseconds ago. The driver has not received any packets from the server.
	at java.base/jdk.internal.reflect.DirectConstructorHandleAccessor.newInstance(DirectConstructorHandleAccessor.java:67) ~[na:na]
	at java.base/java.lang.reflect.Constructor.newInstanceWithCaller(Constructor.java:500) ~[na:na]
	at java.base/java.lang.reflect.Constructor.newInstance(Constructor.java:484) ~[na:na]
	at com.mysql.cj.exceptions.ExceptionFactory.createException(ExceptionFactory.java:61) ~[mysql-connector-j-8.0.32.jar:8.0.32]
	at com.mysql.cj.exceptions.ExceptionFactory.createException(ExceptionFactory.java:105) ~[mysql-connector-j-8.0.32.jar:8.0.32]
	at com.mysql.cj.exceptions.ExceptionFactory.createException(ExceptionFactory.java:151) ~[mysql-connector-j-8.0.32.jar:8.0.32]
	at com.mysql.cj.exceptions.ExceptionFactory.createCommunicationsException(ExceptionFactory.java:167) ~[mysql-connector-j-8.0.32.jar:8.0.32]
	at com.mysql.cj.protocol.a.NativeSocketConnection.connect(NativeSocketConnection.java:89) ~[mysql-connector-j-8.0.32.jar:8.0.32]
	at com.mysql.cj.NativeSession.connect(NativeSession.java:120) ~[mysql-connector-j-8.0.32.jar:8.0.32]
	at com.mysql.cj.jdbc.ConnectionImpl.connectOneTryOnly(ConnectionImpl.java:944) ~[mysql-connector-j-8.0.32.jar:8.0.32]
	at com.mysql.cj.jdbc.ConnectionImpl.createNewIO(ConnectionImpl.java:814) ~[mysql-connector-j-8.0.32.jar:8.0.32]
	... 51 common frames omitted
Caused by: java.net.ConnectException: Connection refused: no further information
	at java.base/sun.nio.ch.Net.pollConnect(Native Method) ~[na:na]
	at java.base/sun.nio.ch.Net.pollConnectNow(Net.java:673) ~[na:na]
	at java.base/sun.nio.ch.NioSocketImpl.timedFinishConnect(NioSocketImpl.java:535) ~[na:na]
	at java.base/sun.nio.ch.NioSocketImpl.connect(NioSocketImpl.java:585) ~[na:na]
	at java.base/java.net.SocksSocketImpl.connect(SocksSocketImpl.java:327) ~[na:na]
	at java.base/java.net.Socket.connect(Socket.java:666) ~[na:na]
	at com.mysql.cj.protocol.StandardSocketFactory.connect(StandardSocketFactory.java:153) ~[mysql-connector-j-8.0.32.jar:8.0.32]
	at com.mysql.cj.protocol.a.NativeSocketConnection.connect(NativeSocketConnection.java:63) ~[mysql-connector-j-8.0.32.jar:8.0.32]
	... 54 common frames omitted

2025-11-26T21:55:33.557+03:00  WARN 13772 --- [main] o.h.engine.jdbc.spi.SqlExceptionHelper   : SQL Error: 0, SQLState: 08S01
2025-11-26T21:55:33.558+03:00 ERROR 13772 --- [main] o.h.engine.jdbc.spi.SqlExceptionHelper   : Communications link failure

The last packet sent successfully to the server was 0 milliseconds ago. The driver has not received any packets from the server.
2025-11-26T21:55:33.568+03:00 ERROR 13772 --- [main] j.LocalContainerEntityManagerFactoryBean : Failed to initialize JPA EntityManagerFactory: [PersistenceUnit: default] Unable to build Hibernate SessionFactory; nested exception is org.hibernate.exception.JDBCConnectionException: Unable to open JDBC Connection for DDL execution
2025-11-26T21:55:33.570+03:00  WARN 13772 --- [main] ConfigServletWebServerApplicationContext : Exception encountered during context initialization - cancelling refresh attempt: org.springframework.beans.factory.BeanCreationException: Error creating bean with name 'entityManagerFactory' defined in class path resource [org/springframework/boot/autoconfigure/orm/jpa/HibernateJpaConfiguration.class]: [PersistenceUnit: default] Unable to build Hibernate SessionFactory; nested exception is org.hibernate.exception.JDBCConnectionException: Unable to open JDBC Connection for DDL execution
2025-11-26T21:55:33.580+03:00  INFO 13772 --- [main] o.apache.catalina.core.StandardService   : Stopping service [Tomcat]
2025-11-26T21:55:33.668+03:00  INFO 13772 --- [main] .s.b.a.l.ConditionEvaluationReportLogger : 

Error starting ApplicationContext. To display the condition evaluation report re-run your application with 'debug' enabled.
2025-11-26T21:55:33.759+03:00 ERROR 13772 --- [main] o.s.boot.SpringApplication               : Application run failed

org.springframework.beans.factory.BeanCreationException: Error creating bean with name 'entityManagerFactory' defined in class path resource [org/springframework/boot/autoconfigure/orm/jpa/HibernateJpaConfiguration.class]: [PersistenceUnit: default] Unable to build Hibernate SessionFactory; nested exception is org.hibernate.exception.JDBCConnectionException: Unable to open JDBC Connection for DDL execution
	at org.springframework.beans.factory.support.AbstractAutowireCapableBeanFactory.initializeBean(AbstractAutowireCapableBeanFactory.java:1770) ~[spring-beans-6.0.7.jar:6.0.7]
	at org.springframework.beans.factory.support.AbstractAutowireCapableBeanFactory.doCreateBean(AbstractAutowireCapableBeanFactory.java:598) ~[spring-beans-6.0.7.jar:6.0.7]
	at org.springframework.beans.factory.support.AbstractAutowireCapableBeanFactory.createBean(AbstractAutowireCapableBeanFactory.java:520) ~[spring-beans-6.0.7.jar:6.0.7]
	at org.springframework.beans.factory.support.AbstractBeanFactory.lambda$doGetBean$0(AbstractBeanFactory.java:326) ~[spring-beans-6.0.7.jar:6.0.7]
	at org.springframework.beans.factory.support.DefaultSingletonBeanRegistry.getSingleton(DefaultSingletonBeanRegistry.java:234) ~[spring-beans-6.0.7.jar:6.0.7]
	at org.springframework.beans.factory.support.AbstractBeanFactory.doGetBean(AbstractBeanFactory.java:324) ~[spring-beans-6.0.7.jar:6.0.7]
	at org.springframework.beans.factory.support.AbstractBeanFactory.getBean(AbstractBeanFactory.java:200) ~[spring-beans-6.0.7.jar:6.0.7]
	at org.springframework.context.support.AbstractApplicationContext.getBean(AbstractApplicationContext.java:1132) ~[spring-context-6.0.7.jar:6.0.7]
	at org.springframework.context.support.AbstractApplicationContext.finishBeanFactoryInitialization(AbstractApplicationContext.java:907) ~[spring-context-6.0.7.jar:6.0.7]
	at org.springframework.context.support.AbstractApplicationContext.refresh(AbstractApplicationContext.java:584) ~[spring-context-6.0.7.jar:6.0.7]
	at org.springframework.boot.web.servlet.context.ServletWebServerApplicationContext.refresh(ServletWebServerApplicationContext.java:146) ~[spring-boot-3.0.5.jar:3.0.5]
	at org.springframework.boot.SpringApplication.refresh(SpringApplication.java:732) ~[spring-boot-3.0.5.jar:3.0.5]
	at org.springframework.boot.SpringApplication.refreshContext(SpringApplication.java:434) ~[spring-boot-3.0.5.jar:3.0.5]
	at org.springframework.boot.SpringApplication.run(SpringApplication.java:310) ~[spring-boot-3.0.5.jar:3.0.5]
	at org.springframework.boot.SpringApplication.run(SpringApplication.java:1304) ~[spring-boot-3.0.5.jar:3.0.5]
	at org.springframework.boot.SpringApplication.run(SpringApplication.java:1293) ~[spring-boot-3.0.5.jar:3.0.5]
	at org.example.Main.main(Main.java:9) ~[classes/:na]
Caused by: jakarta.persistence.PersistenceException: [PersistenceUnit: default] Unable to build Hibernate SessionFactory; nested exception is org.hibernate.exception.JDBCConnectionException: Unable to open JDBC Connection for DDL execution
	at org.springframework.orm.jpa.AbstractEntityManagerFactoryBean.buildNativeEntityManagerFactory(AbstractEntityManagerFactoryBean.java:421) ~[spring-orm-6.0.7.jar:6.0.7]
	at org.springframework.orm.jpa.AbstractEntityManagerFactoryBean.afterPropertiesSet(AbstractEntityManagerFactoryBean.java:396) ~[spring-orm-6.0.7.jar:6.0.7]
	at org.springframework.orm.jpa.LocalContainerEntityManagerFactoryBean.afterPropertiesSet(LocalContainerEntityManagerFactoryBean.java:352) ~[spring-orm-6.0.7.jar:6.0.7]
	at org.springframework.beans.factory.support.AbstractAutowireCapableBeanFactory.invokeInitMethods(AbstractAutowireCapableBeanFactory.java:1816) ~[spring-beans-6.0.7.jar:6.0.7]
	at org.springframework.beans.factory.support.AbstractAutowireCapableBeanFactory.initializeBean(AbstractAutowireCapableBeanFactory.java:1766) ~[spring-beans-6.0.7.jar:6.0.7]
	... 16 common frames omitted
Caused by: org.hibernate.exception.JDBCConnectionException: Unable to open JDBC Connection for DDL execution
	at org.hibernate.exception.internal.SQLStateConversionDelegate.convert(SQLStateConversionDelegate.java:98) ~[hibernate-core-6.1.7.Final.jar:6.1.7.Final]
	at org.hibernate.exception.internal.StandardSQLExceptionConverter.convert(StandardSQLExceptionConverter.java:56) ~[hibernate-core-6.1.7.Final.jar:6.1.7.Final]
	at org.hibernate.engine.jdbc.spi.SqlExceptionHelper.convert(SqlExceptionHelper.java:109) ~[hibernate-core-6.1.7.Final.jar:6.1.7.Final]
	at org.hibernate.engine.jdbc.spi.SqlExceptionHelper.convert(SqlExceptionHelper.java:95) ~[hibernate-core-6.1.7.Final.jar:6.1.7.Final]
	at org.hibernate.resource.transaction.backend.jdbc.internal.DdlTransactionIsolatorNonJtaImpl.getIsolatedConnection(DdlTransactionIsolatorNonJtaImpl.java:68) ~[hibernate-core-6.1.7.Final.jar:6.1.7.Final]
	at org.hibernate.tool.schema.internal.exec.ImprovedExtractionContextImpl.getJdbcConnection(ImprovedExtractionContextImpl.java:63) ~[hibernate-core-6.1.7.Final.jar:6.1.7.Final]
	at org.hibernate.tool.schema.internal.exec.ImprovedExtractionContextImpl.getJdbcDatabaseMetaData(ImprovedExtractionContextImpl.java:70) ~[hibernate-core-6.1.7.Final.jar:6.1.7.Final]
	at org.hibernate.tool.schema.extract.internal.InformationExtractorJdbcDatabaseMetaDataImpl.processTableResultSet(InformationExtractorJdbcDatabaseMetaDataImpl.java:64) ~[hibernate-core-6.1.7.Final.jar:6.1.7.Final]
	at org.hibernate.tool.schema.extract.internal.AbstractInformationExtractorImpl.getTables(AbstractInformationExtractorImpl.java:564) ~[hibernate-core-6.1.7.Final.jar:6.1.7.Final]
	at org.hibernate.tool.schema.extract.internal.DatabaseInformationImpl.getTablesInformation(DatabaseInformationImpl.java:122) ~[hibernate-core-6.1.7.Final.jar:6.1.7.Final]
	at org.hibernate.tool.schema.internal.GroupedSchemaMigratorImpl.performTablesMigration(GroupedSchemaMigratorImpl.java:71) ~[hibernate-core-6.1.7.Final.jar:6.1.7.Final]
	at org.hibernate.tool.schema.internal.AbstractSchemaMigrator.performMigration(AbstractSchemaMigrator.java:225) ~[hibernate-core-6.1.7.Final.jar:6.1.7.Final]
	at org.hibernate.tool.schema.internal.AbstractSchemaMigrator.doMigration(AbstractSchemaMigrator.java:126) ~[hibernate-core-6.1.7.Final.jar:6.1.7.Final]
	at org.hibernate.tool.schema.spi.SchemaManagementToolCoordinator.performDatabaseAction(SchemaManagementToolCoordinator.java:284) ~[hibernate-core-6.1.7.Final.jar:6.1.7.Final]
	at org.hibernate.tool.schema.spi.SchemaManagementToolCoordinator.lambda$process$5(SchemaManagementToolCoordinator.java:143) ~[hibernate-core-6.1.7.Final.jar:6.1.7.Final]
	at java.base/java.util.HashMap.forEach(HashMap.java:1429) ~[na:na]
	at org.hibernate.tool.schema.spi.SchemaManagementToolCoordinator.process(SchemaManagementToolCoordinator.java:140) ~[hibernate-core-6.1.7.Final.jar:6.1.7.Final]
	at org.hibernate.internal.SessionFactoryImpl.<init>(SessionFactoryImpl.java:336) ~[hibernate-core-6.1.7.Final.jar:6.1.7.Final]
	at org.hibernate.boot.internal.SessionFactoryBuilderImpl.build(SessionFactoryBuilderImpl.java:415) ~[hibernate-core-6.1.7.Final.jar:6.1.7.Final]
	at org.hibernate.jpa.boot.internal.EntityManagerFactoryBuilderImpl.build(EntityManagerFactoryBuilderImpl.java:1423) ~[hibernate-core-6.1.7.Final.jar:6.1.7.Final]
	at org.springframework.orm.jpa.vendor.SpringHibernateJpaPersistenceProvider.createContainerEntityManagerFactory(SpringHibernateJpaPersistenceProvider.java:66) ~[spring-orm-6.0.7.jar:6.0.7]
	at org.springframework.orm.jpa.LocalContainerEntityManagerFactoryBean.createNativeEntityManagerFactory(LocalContainerEntityManagerFactoryBean.java:376) ~[spring-orm-6.0.7.jar:6.0.7]
	at org.springframework.orm.jpa.AbstractEntityManagerFactoryBean.buildNativeEntityManagerFactory(AbstractEntityManagerFactoryBean.java:409) ~[spring-orm-6.0.7.jar:6.0.7]
	... 20 common frames omitted
Caused by: com.mysql.cj.jdbc.exceptions.CommunicationsException: Communications link failure

The last packet sent successfully to the server was 0 milliseconds ago. The driver has not received any packets from the server.
	at com.mysql.cj.jdbc.exceptions.SQLError.createCommunicationsException(SQLError.java:174) ~[mysql-connector-j-8.0.32.jar:8.0.32]
	at com.mysql.cj.jdbc.exceptions.SQLExceptionsMapping.translateException(SQLExceptionsMapping.java:64) ~[mysql-connector-j-8.0.32.jar:8.0.32]
	at com.mysql.cj.jdbc.ConnectionImpl.createNewIO(ConnectionImpl.java:824) ~[mysql-connector-j-8.0.32.jar:8.0.32]
	at com.mysql.cj.jdbc.ConnectionImpl.<init>(ConnectionImpl.java:444) ~[mysql-connector-j-8.0.32.jar:8.0.32]
	at com.mysql.cj.jdbc.ConnectionImpl.getInstance(ConnectionImpl.java:237) ~[mysql-connector-j-8.0.32.jar:8.0.32]
	at com.mysql.cj.jdbc.NonRegisteringDriver.connect(NonRegisteringDriver.java:198) ~[mysql-connector-j-8.0.32.jar:8.0.32]
	at com.zaxxer.hikari.util.DriverDataSource.getConnection(DriverDataSource.java:138) ~[HikariCP-5.0.1.jar:na]
	at com.zaxxer.hikari.pool.PoolBase.newConnection(PoolBase.java:359) ~[HikariCP-5.0.1.jar:na]
	at com.zaxxer.hikari.pool.PoolBase.newPoolEntry(PoolBase.java:201) ~[HikariCP-5.0.1.jar:na]
	at com.zaxxer.hikari.pool.HikariPool.createPoolEntry(HikariPool.java:470) ~[HikariCP-5.0.1.jar:na]
	at com.zaxxer.hikari.pool.HikariPool.checkFailFast(HikariPool.java:561) ~[HikariCP-5.0.1.jar:na]
	at com.zaxxer.hikari.pool.HikariPool.<init>(HikariPool.java:100) ~[HikariCP-5.0.1.jar:na]
	at com.zaxxer.hikari.HikariDataSource.getConnection(HikariDataSource.java:112) ~[HikariCP-5.0.1.jar:na]
	at org.hibernate.engine.jdbc.connections.internal.DatasourceConnectionProviderImpl.getConnection(DatasourceConnectionProviderImpl.java:122) ~[hibernate-core-6.1.7.Final.jar:6.1.7.Final]
	at org.hibernate.engine.jdbc.env.internal.JdbcEnvironmentInitiator$ConnectionProviderJdbcConnectionAccess.obtainConnection(JdbcEnvironmentInitiator.java:284) ~[hibernate-core-6.1.7.Final.jar:6.1.7.Final]
	at org.hibernate.resource.transaction.backend.jdbc.internal.DdlTransactionIsolatorNonJtaImpl.getIsolatedConnection(DdlTransactionIsolatorNonJtaImpl.java:41) ~[hibernate-core-6.1.7.Final.jar:6.1.7.Final]
	... 38 common frames omitted
Caused by: com.mysql.cj.exceptions.CJCommunicationsException: Communications link failure

The last packet sent successfully to the server was 0 milliseconds ago. The driver has not received any packets from the server.
	at java.base/jdk.internal.reflect.DirectConstructorHandleAccessor.newInstance(DirectConstructorHandleAccessor.java:67) ~[na:na]
	at java.base/java.lang.reflect.Constructor.newInstanceWithCaller(Constructor.java:500) ~[na:na]
	at java.base/java.lang.reflect.Constructor.newInstance(Constructor.java:484) ~[na:na]
	at com.mysql.cj.exceptions.ExceptionFactory.createException(ExceptionFactory.java:61) ~[mysql-connector-j-8.0.32.jar:8.0.32]
	at com.mysql.cj.exceptions.ExceptionFactory.createException(ExceptionFactory.java:105) ~[mysql-connector-j-8.0.32.jar:8.0.32]
	at com.mysql.cj.exceptions.ExceptionFactory.createException(ExceptionFactory.java:151) ~[mysql-connector-j-8.0.32.jar:8.0.32]
	at com.mysql.cj.exceptions.ExceptionFactory.createCommunicationsException(ExceptionFactory.java:167) ~[mysql-connector-j-8.0.32.jar:8.0.32]
	at com.mysql.cj.protocol.a.NativeSocketConnection.connect(NativeSocketConnection.java:89) ~[mysql-connector-j-8.0.32.jar:8.0.32]
	at com.mysql.cj.NativeSession.connect(NativeSession.java:120) ~[mysql-connector-j-8.0.32.jar:8.0.32]
	at com.mysql.cj.jdbc.ConnectionImpl.connectOneTryOnly(ConnectionImpl.java:944) ~[mysql-connector-j-8.0.32.jar:8.0.32]
	at com.mysql.cj.jdbc.ConnectionImpl.createNewIO(ConnectionImpl.java:814) ~[mysql-connector-j-8.0.32.jar:8.0.32]
	... 51 common frames omitted
Caused by: java.net.ConnectException: Connection refused: no further information
	at java.base/sun.nio.ch.Net.pollConnect(Native Method) ~[na:na]
	at java.base/sun.nio.ch.Net.pollConnectNow(Net.java:673) ~[na:na]
	at java.base/sun.nio.ch.NioSocketImpl.timedFinishConnect(NioSocketImpl.java:535) ~[na:na]
	at java.base/sun.nio.ch.NioSocketImpl.connect(NioSocketImpl.java:585) ~[na:na]
	at java.base/java.net.SocksSocketImpl.connect(SocksSocketImpl.java:327) ~[na:na]
	at java.base/java.net.Socket.connect(Socket.java:666) ~[na:na]
	at com.mysql.cj.protocol.StandardSocketFactory.connect(StandardSocketFactory.java:153) ~[mysql-connector-j-8.0.32.jar:8.0.32]
	at com.mysql.cj.protocol.a.NativeSocketConnection.connect(NativeSocketConnection.java:63) ~[mysql-connector-j-8.0.32.jar:8.0.32]
	... 54 common frames omitted

2025-11-26T21:56:56.833+03:00  INFO 4772 --- [main] org.example.Main                         : Starting Main using Java 20 with PID 4772 (D:\fuelRefactored\FuelCleanCode\Service\target\classes started by GIGABYTE in D:\fuelRefactored\FuelCleanCode)
2025-11-26T21:56:56.837+03:00  INFO 4772 --- [main] org.example.Main                         : The following 1 profile is active: "local"
2025-11-26T21:56:58.610+03:00  INFO 4772 --- [main] .s.d.r.c.RepositoryConfigurationDelegate : Bootstrapping Spring Data JPA repositories in DEFAULT mode.
2025-11-26T21:56:58.929+03:00  INFO 4772 --- [main] .s.d.r.c.RepositoryConfigurationDelegate : Finished Spring Data repository scanning in 307 ms. Found 25 JPA repository interfaces.
2025-11-26T21:57:00.142+03:00  INFO 4772 --- [main] o.s.b.w.embedded.tomcat.TomcatWebServer  : Tomcat initialized with port(s): 9091 (http)
2025-11-26T21:57:00.156+03:00  INFO 4772 --- [main] o.apache.catalina.core.StandardService   : Starting service [Tomcat]
2025-11-26T21:57:00.156+03:00  INFO 4772 --- [main] o.apache.catalina.core.StandardEngine    : Starting Servlet engine: [Apache Tomcat/10.1.7]
2025-11-26T21:57:00.350+03:00  INFO 4772 --- [main] o.a.c.c.C.[Tomcat].[localhost].[/]       : Initializing Spring embedded WebApplicationContext
2025-11-26T21:57:00.350+03:00  INFO 4772 --- [main] w.s.c.ServletWebServerApplicationContext : Root WebApplicationContext: initialization completed in 3449 ms
2025-11-26T21:57:00.839+03:00  INFO 4772 --- [main] o.hibernate.jpa.internal.util.LogHelper  : HHH000204: Processing PersistenceUnitInfo [name: default]
2025-11-26T21:57:00.914+03:00  INFO 4772 --- [main] org.hibernate.Version                    : HHH000412: Hibernate ORM core version 6.1.7.Final
2025-11-26T21:57:01.325+03:00  INFO 4772 --- [main] com.zaxxer.hikari.HikariDataSource       : HikariPool-1 - Starting...
2025-11-26T21:57:01.589+03:00  INFO 4772 --- [main] com.zaxxer.hikari.pool.HikariPool        : HikariPool-1 - Added connection com.mysql.cj.jdbc.ConnectionImpl@290807e5
2025-11-26T21:57:01.592+03:00  INFO 4772 --- [main] com.zaxxer.hikari.HikariDataSource       : HikariPool-1 - Start completed.
2025-11-26T21:57:01.650+03:00  WARN 4772 --- [main] org.hibernate.dialect.Dialect            : HHH000511: The 5.5.0 version for [org.hibernate.dialect.MySQLDialect] is no longer supported, hence certain features may not work properly. The minimum supported version is 5.7.0. Check the community dialects project for available legacy versions.
2025-11-26T21:57:01.655+03:00  INFO 4772 --- [main] SQL dialect                              : HHH000400: Using dialect: org.hibernate.dialect.MySQLDialect
2025-11-26T21:57:03.877+03:00  INFO 4772 --- [main] o.h.e.t.j.p.i.JtaPlatformInitiator       : HHH000490: Using JtaPlatform implementation: [org.hibernate.engine.transaction.jta.platform.internal.NoJtaPlatform]
2025-11-26T21:57:03.892+03:00  INFO 4772 --- [main] j.LocalContainerEntityManagerFactoryBean : Initialized JPA EntityManagerFactory for persistence unit 'default'
2025-11-26T21:57:04.561+03:00  WARN 4772 --- [main] ocalVariableTableParameterNameDiscoverer : Using deprecated '-debug' fallback for parameter name resolution. Compile the affected code with '-parameters' instead or avoid its introspection: org.example.repositories.ClientPaymentRepository
2025-11-26T21:57:05.144+03:00  WARN 4772 --- [main] ocalVariableTableParameterNameDiscoverer : Using deprecated '-debug' fallback for parameter name resolution. Compile the affected code with '-parameters' instead or avoid its introspection: org.example.repositories.ForfeitRepository
2025-11-26T21:57:05.206+03:00  WARN 4772 --- [main] ocalVariableTableParameterNameDiscoverer : Using deprecated '-debug' fallback for parameter name resolution. Compile the affected code with '-parameters' instead or avoid its introspection: org.example.repositories.PartitionRepository
2025-11-26T21:57:05.540+03:00  WARN 4772 --- [main] ocalVariableTableParameterNameDiscoverer : Using deprecated '-debug' fallback for parameter name resolution. Compile the affected code with '-parameters' instead or avoid its introspection: org.example.repositories.TransRepoJpa
2025-11-26T21:57:05.646+03:00  WARN 4772 --- [main] ocalVariableTableParameterNameDiscoverer : Using deprecated '-debug' fallback for parameter name resolution. Compile the affected code with '-parameters' instead or avoid its introspection: org.example.repositories.ReturnedMaterialRepository
2025-11-26T21:57:05.849+03:00  WARN 4772 --- [main] ocalVariableTableParameterNameDiscoverer : Using deprecated '-debug' fallback for parameter name resolution. Compile the affected code with '-parameters' instead or avoid its introspection: org.example.repositories.TransferMaterialRepository
2025-11-26T21:57:05.987+03:00  WARN 4772 --- [main] ocalVariableTableParameterNameDiscoverer : Using deprecated '-debug' fallback for parameter name resolution. Compile the affected code with '-parameters' instead or avoid its introspection: org.example.repositories.TransLineRepository
2025-11-26T21:57:06.027+03:00  WARN 4772 --- [main] ocalVariableTableParameterNameDiscoverer : Using deprecated '-debug' fallback for parameter name resolution. Compile the affected code with '-parameters' instead or avoid its introspection: org.example.repositories.TransLogRepository
2025-11-26T21:57:06.318+03:00  WARN 4772 --- [main] JpaBaseConfiguration$JpaWebConfiguration : spring.jpa.open-in-view is enabled by default. Therefore, database queries may be performed during view rendering. Explicitly configure spring.jpa.open-in-view to disable this warning
2025-11-26T21:57:07.337+03:00  INFO 4772 --- [main] o.s.b.a.e.web.EndpointLinksResolver      : Exposing 1 endpoint(s) beneath base path '/actuator'
2025-11-26T21:57:07.483+03:00  INFO 4772 --- [main] o.s.b.w.embedded.tomcat.TomcatWebServer  : Tomcat started on port(s): 9091 (http) with context path ''
2025-11-26T21:57:07.503+03:00  INFO 4772 --- [main] org.example.Main                         : Started Main in 11.353 seconds (process running for 12.213)
2025-11-26T21:57:58.157+03:00  INFO 4772 --- [http-nio-9091-exec-1] o.a.c.c.C.[Tomcat].[localhost].[/]       : Initializing Spring DispatcherServlet 'dispatcherServlet'
2025-11-26T21:57:58.159+03:00  INFO 4772 --- [http-nio-9091-exec-1] o.s.web.servlet.DispatcherServlet        : Initializing Servlet 'dispatcherServlet'
2025-11-26T21:57:58.168+03:00  INFO 4772 --- [http-nio-9091-exec-1] o.s.web.servlet.DispatcherServlet        : Completed initialization in 9 ms
2025-11-26T21:57:58.544+03:00  WARN 4772 --- [http-nio-9091-exec-1] org.example.security.CustomFilter        : /api/v1/trans
2025-11-26T21:57:58.802+03:00  WARN 4772 --- [http-nio-9091-exec-1] org.example.security.CustomFilter        : /api/v1/trans headers org.apache.tomcat.util.http.ValuesEnumerator@14ad122a
2025-11-26T21:58:03.072+03:00  WARN 4772 --- [http-nio-9091-exec-3] org.example.security.CustomFilter        : /api/v1/refinery
2025-11-26T21:58:03.096+03:00  WARN 4772 --- [http-nio-9091-exec-3] org.example.security.CustomFilter        : /api/v1/refinery headers org.apache.tomcat.util.http.ValuesEnumerator@7a570fb6
2025-11-26T21:58:26.359+03:00  WARN 4772 --- [http-nio-9091-exec-5] org.example.security.CustomFilter        : /api/v1/partition/RefineryReport/HTML/3/2025-09-01/2025-11-26/NORMAL
2025-11-26T21:58:26.384+03:00  WARN 4772 --- [http-nio-9091-exec-5] org.example.security.CustomFilter        : /api/v1/partition/RefineryReport/HTML/3/2025-09-01/2025-11-26/NORMAL headers org.apache.tomcat.util.http.ValuesEnumerator@11801cd5
2025-11-26T21:58:26.399+03:00  WARN 4772 --- [http-nio-9091-exec-5] ocalVariableTableParameterNameDiscoverer : Using deprecated '-debug' fallback for parameter name resolution. Compile the affected code with '-parameters' instead or avoid its introspection: org.example.controllers.PartitionController
2025-11-26T21:58:29.400+03:00 ERROR 4772 --- [http-nio-9091-exec-5] o.a.c.c.C.[.[.[/].[dispatcherServlet]    : Servlet.service() for servlet [dispatcherServlet] in context with path [] threw exception [Request processing failed: java.lang.RuntimeException: net.sf.jasperreports.engine.JRException: Error retrieving field value from bean: transportationEntity.transLogs.notes.] with root cause

java.lang.NoSuchMethodException: Unknown property 'notes' on class 'class org.hibernate.collection.spi.PersistentSet'
	at org.apache.commons.beanutils.PropertyUtilsBean.getSimpleProperty(PropertyUtilsBean.java:1270) ~[commons-beanutils-1.9.4.jar:1.9.4]
	at org.apache.commons.beanutils.PropertyUtilsBean.getNestedProperty(PropertyUtilsBean.java:809) ~[commons-beanutils-1.9.4.jar:1.9.4]
	at org.apache.commons.beanutils.PropertyUtilsBean.getProperty(PropertyUtilsBean.java:885) ~[commons-beanutils-1.9.4.jar:1.9.4]
	at org.apache.commons.beanutils.PropertyUtils.getProperty(PropertyUtils.java:464) ~[commons-beanutils-1.9.4.jar:1.9.4]
	at net.sf.jasperreports.engine.data.JRAbstractBeanDataSource.getBeanProperty(JRAbstractBeanDataSource.java:156) ~[jasperreports-6.20.6.jar:6.20.6-5c96b6aa8a39ac1dc6b6bea4b81168e16dd39231]
	at net.sf.jasperreports.engine.data.JRAbstractBeanDataSource.getFieldValue(JRAbstractBeanDataSource.java:141) ~[jasperreports-6.20.6.jar:6.20.6-5c96b6aa8a39ac1dc6b6bea4b81168e16dd39231]
	at net.sf.jasperreports.engine.data.JRBeanCollectionDataSource.getFieldValue(JRBeanCollectionDataSource.java:104) ~[jasperreports-6.20.6.jar:6.20.6-5c96b6aa8a39ac1dc6b6bea4b81168e16dd39231]
	at net.sf.jasperreports.engine.fill.JRFillDataset.setOldValues(JRFillDataset.java:1533) ~[jasperreports-6.20.6.jar:6.20.6-5c96b6aa8a39ac1dc6b6bea4b81168e16dd39231]
	at net.sf.jasperreports.engine.fill.JRFillDataset.next(JRFillDataset.java:1434) ~[jasperreports-6.20.6.jar:6.20.6-5c96b6aa8a39ac1dc6b6bea4b81168e16dd39231]
	at net.sf.jasperreports.engine.fill.JRFillDataset.next(JRFillDataset.java:1410) ~[jasperreports-6.20.6.jar:6.20.6-5c96b6aa8a39ac1dc6b6bea4b81168e16dd39231]
	at net.sf.jasperreports.engine.fill.JRBaseFiller.next(JRBaseFiller.java:1210) ~[jasperreports-6.20.6.jar:6.20.6-5c96b6aa8a39ac1dc6b6bea4b81168e16dd39231]
	at net.sf.jasperreports.engine.fill.JRVerticalFiller.fillReport(JRVerticalFiller.java:117) ~[jasperreports-6.20.6.jar:6.20.6-5c96b6aa8a39ac1dc6b6bea4b81168e16dd39231]
	at net.sf.jasperreports.engine.fill.JRBaseFiller.fill(JRBaseFiller.java:631) ~[jasperreports-6.20.6.jar:6.20.6-5c96b6aa8a39ac1dc6b6bea4b81168e16dd39231]
	at net.sf.jasperreports.engine.fill.BaseReportFiller.fill(BaseReportFiller.java:434) ~[jasperreports-6.20.6.jar:6.20.6-5c96b6aa8a39ac1dc6b6bea4b81168e16dd39231]
	at net.sf.jasperreports.engine.fill.JRFiller.fill(JRFiller.java:162) ~[jasperreports-6.20.6.jar:6.20.6-5c96b6aa8a39ac1dc6b6bea4b81168e16dd39231]
	at net.sf.jasperreports.engine.fill.JRFiller.fill(JRFiller.java:145) ~[jasperreports-6.20.6.jar:6.20.6-5c96b6aa8a39ac1dc6b6bea4b81168e16dd39231]
	at net.sf.jasperreports.engine.JasperFillManager.fill(JasperFillManager.java:758) ~[jasperreports-6.20.6.jar:6.20.6-5c96b6aa8a39ac1dc6b6bea4b81168e16dd39231]
	at net.sf.jasperreports.engine.JasperFillManager.fillReport(JasperFillManager.java:1074) ~[jasperreports-6.20.6.jar:6.20.6-5c96b6aa8a39ac1dc6b6bea4b81168e16dd39231]
	at org.example.controllers.PartitionController.getRefineryReport(PartitionController.java:295) ~[classes/:na]
	at java.base/jdk.internal.reflect.DirectMethodHandleAccessor.invoke(DirectMethodHandleAccessor.java:104) ~[na:na]
	at java.base/java.lang.reflect.Method.invoke(Method.java:578) ~[na:na]
	at org.springframework.web.method.support.InvocableHandlerMethod.doInvoke(InvocableHandlerMethod.java:207) ~[spring-web-6.0.7.jar:6.0.7]
	at org.springframework.web.method.support.InvocableHandlerMethod.invokeForRequest(InvocableHandlerMethod.java:152) ~[spring-web-6.0.7.jar:6.0.7]
	at org.springframework.web.servlet.mvc.method.annotation.ServletInvocableHandlerMethod.invokeAndHandle(ServletInvocableHandlerMethod.java:118) ~[spring-webmvc-6.0.7.jar:6.0.7]
	at org.springframework.web.servlet.mvc.method.annotation.RequestMappingHandlerAdapter.invokeHandlerMethod(RequestMappingHandlerAdapter.java:884) ~[spring-webmvc-6.0.7.jar:6.0.7]
	at org.springframework.web.servlet.mvc.method.annotation.RequestMappingHandlerAdapter.handleInternal(RequestMappingHandlerAdapter.java:797) ~[spring-webmvc-6.0.7.jar:6.0.7]
	at org.springframework.web.servlet.mvc.method.AbstractHandlerMethodAdapter.handle(AbstractHandlerMethodAdapter.java:87) ~[spring-webmvc-6.0.7.jar:6.0.7]
	at org.springframework.web.servlet.DispatcherServlet.doDispatch(DispatcherServlet.java:1081) ~[spring-webmvc-6.0.7.jar:6.0.7]
	at org.springframework.web.servlet.DispatcherServlet.doService(DispatcherServlet.java:974) ~[spring-webmvc-6.0.7.jar:6.0.7]
	at org.springframework.web.servlet.FrameworkServlet.processRequest(FrameworkServlet.java:1011) ~[spring-webmvc-6.0.7.jar:6.0.7]
	at org.springframework.web.servlet.FrameworkServlet.doGet(FrameworkServlet.java:903) ~[spring-webmvc-6.0.7.jar:6.0.7]
	at jakarta.servlet.http.HttpServlet.service(HttpServlet.java:537) ~[tomcat-embed-core-10.1.7.jar:6.0]
	at org.springframework.web.servlet.FrameworkServlet.service(FrameworkServlet.java:885) ~[spring-webmvc-6.0.7.jar:6.0.7]
	at jakarta.servlet.http.HttpServlet.service(HttpServlet.java:631) ~[tomcat-embed-core-10.1.7.jar:6.0]
	at org.apache.catalina.core.ApplicationFilterChain.internalDoFilter(ApplicationFilterChain.java:205) ~[tomcat-embed-core-10.1.7.jar:10.1.7]
	at org.apache.catalina.core.ApplicationFilterChain.doFilter(ApplicationFilterChain.java:149) ~[tomcat-embed-core-10.1.7.jar:10.1.7]
	at org.apache.tomcat.websocket.server.WsFilter.doFilter(WsFilter.java:53) ~[tomcat-embed-websocket-10.1.7.jar:10.1.7]
	at org.apache.catalina.core.ApplicationFilterChain.internalDoFilter(ApplicationFilterChain.java:174) ~[tomcat-embed-core-10.1.7.jar:10.1.7]
	at org.apache.catalina.core.ApplicationFilterChain.doFilter(ApplicationFilterChain.java:149) ~[tomcat-embed-core-10.1.7.jar:10.1.7]
	at org.example.security.CustomFilter.doFilter(CustomFilter.java:87) ~[classes/:na]
	at org.apache.catalina.core.ApplicationFilterChain.internalDoFilter(ApplicationFilterChain.java:174) ~[tomcat-embed-core-10.1.7.jar:10.1.7]
	at org.apache.catalina.core.ApplicationFilterChain.doFilter(ApplicationFilterChain.java:149) ~[tomcat-embed-core-10.1.7.jar:10.1.7]
	at org.springframework.web.filter.RequestContextFilter.doFilterInternal(RequestContextFilter.java:100) ~[spring-web-6.0.7.jar:6.0.7]
	at org.springframework.web.filter.OncePerRequestFilter.doFilter(OncePerRequestFilter.java:116) ~[spring-web-6.0.7.jar:6.0.7]
	at org.apache.catalina.core.ApplicationFilterChain.internalDoFilter(ApplicationFilterChain.java:174) ~[tomcat-embed-core-10.1.7.jar:10.1.7]
	at org.apache.catalina.core.ApplicationFilterChain.doFilter(ApplicationFilterChain.java:149) ~[tomcat-embed-core-10.1.7.jar:10.1.7]
	at org.springframework.web.filter.FormContentFilter.doFilterInternal(FormContentFilter.java:93) ~[spring-web-6.0.7.jar:6.0.7]
	at org.springframework.web.filter.OncePerRequestFilter.doFilter(OncePerRequestFilter.java:116) ~[spring-web-6.0.7.jar:6.0.7]
	at org.apache.catalina.core.ApplicationFilterChain.internalDoFilter(ApplicationFilterChain.java:174) ~[tomcat-embed-core-10.1.7.jar:10.1.7]
	at org.apache.catalina.core.ApplicationFilterChain.doFilter(ApplicationFilterChain.java:149) ~[tomcat-embed-core-10.1.7.jar:10.1.7]
	at org.springframework.web.filter.ServerHttpObservationFilter.doFilterInternal(ServerHttpObservationFilter.java:109) ~[spring-web-6.0.7.jar:6.0.7]
	at org.springframework.web.filter.OncePerRequestFilter.doFilter(OncePerRequestFilter.java:116) ~[spring-web-6.0.7.jar:6.0.7]
	at org.apache.catalina.core.ApplicationFilterChain.internalDoFilter(ApplicationFilterChain.java:174) ~[tomcat-embed-core-10.1.7.jar:10.1.7]
	at org.apache.catalina.core.ApplicationFilterChain.doFilter(ApplicationFilterChain.java:149) ~[tomcat-embed-core-10.1.7.jar:10.1.7]
	at org.springframework.web.filter.CharacterEncodingFilter.doFilterInternal(CharacterEncodingFilter.java:201) ~[spring-web-6.0.7.jar:6.0.7]
	at org.springframework.web.filter.OncePerRequestFilter.doFilter(OncePerRequestFilter.java:116) ~[spring-web-6.0.7.jar:6.0.7]
	at org.apache.catalina.core.ApplicationFilterChain.internalDoFilter(ApplicationFilterChain.java:174) ~[tomcat-embed-core-10.1.7.jar:10.1.7]
	at org.apache.catalina.core.ApplicationFilterChain.doFilter(ApplicationFilterChain.java:149) ~[tomcat-embed-core-10.1.7.jar:10.1.7]
	at org.apache.catalina.core.StandardWrapperValve.invoke(StandardWrapperValve.java:166) ~[tomcat-embed-core-10.1.7.jar:10.1.7]
	at org.apache.catalina.core.StandardContextValve.invoke(StandardContextValve.java:90) ~[tomcat-embed-core-10.1.7.jar:10.1.7]
	at org.apache.catalina.authenticator.AuthenticatorBase.invoke(AuthenticatorBase.java:493) ~[tomcat-embed-core-10.1.7.jar:10.1.7]
	at org.apache.catalina.core.StandardHostValve.invoke(StandardHostValve.java:115) ~[tomcat-embed-core-10.1.7.jar:10.1.7]
	at org.apache.catalina.valves.ErrorReportValve.invoke(ErrorReportValve.java:93) ~[tomcat-embed-core-10.1.7.jar:10.1.7]
	at org.apache.catalina.core.StandardEngineValve.invoke(StandardEngineValve.java:74) ~[tomcat-embed-core-10.1.7.jar:10.1.7]
	at org.apache.catalina.connector.CoyoteAdapter.service(CoyoteAdapter.java:341) ~[tomcat-embed-core-10.1.7.jar:10.1.7]
	at org.apache.coyote.http11.Http11Processor.service(Http11Processor.java:390) ~[tomcat-embed-core-10.1.7.jar:10.1.7]
	at org.apache.coyote.AbstractProcessorLight.process(AbstractProcessorLight.java:63) ~[tomcat-embed-core-10.1.7.jar:10.1.7]
	at org.apache.coyote.AbstractProtocol$ConnectionHandler.process(AbstractProtocol.java:894) ~[tomcat-embed-core-10.1.7.jar:10.1.7]
	at org.apache.tomcat.util.net.NioEndpoint$SocketProcessor.doRun(NioEndpoint.java:1741) ~[tomcat-embed-core-10.1.7.jar:10.1.7]
	at org.apache.tomcat.util.net.SocketProcessorBase.run(SocketProcessorBase.java:52) ~[tomcat-embed-core-10.1.7.jar:10.1.7]
	at org.apache.tomcat.util.threads.ThreadPoolExecutor.runWorker(ThreadPoolExecutor.java:1191) ~[tomcat-embed-core-10.1.7.jar:10.1.7]
	at org.apache.tomcat.util.threads.ThreadPoolExecutor$Worker.run(ThreadPoolExecutor.java:659) ~[tomcat-embed-core-10.1.7.jar:10.1.7]
	at org.apache.tomcat.util.threads.TaskThread$WrappingRunnable.run(TaskThread.java:61) ~[tomcat-embed-core-10.1.7.jar:10.1.7]
	at java.base/java.lang.Thread.run(Thread.java:1623) ~[na:na]

2025-11-26T22:12:37.391+03:00  WARN 4772 --- [HikariPool-1 housekeeper] com.zaxxer.hikari.pool.HikariPool        : HikariPool-1 - Thread starvation or clock leap detected (housekeeper delta=8m5s626ms902µs300ns).
2025-11-26T22:15:35.550+03:00  INFO 4772 --- [SpringApplicationShutdownHook] j.LocalContainerEntityManagerFactoryBean : Closing JPA EntityManagerFactory for persistence unit 'default'
2025-11-26T22:15:35.553+03:00  INFO 4772 --- [SpringApplicationShutdownHook] com.zaxxer.hikari.HikariDataSource       : HikariPool-1 - Shutdown initiated...
2025-11-26T22:15:35.563+03:00  INFO 4772 --- [SpringApplicationShutdownHook] com.zaxxer.hikari.HikariDataSource       : HikariPool-1 - Shutdown completed.
2025-11-26T22:15:41.111+03:00  INFO 19144 --- [main] org.example.Main                         : Starting Main using Java 20 with PID 19144 (D:\fuelRefactored\FuelCleanCode\Service\target\classes started by GIGABYTE in D:\fuelRefactored\FuelCleanCode)
2025-11-26T22:15:41.113+03:00  INFO 19144 --- [main] org.example.Main                         : The following 1 profile is active: "local"
2025-11-26T22:15:42.821+03:00  INFO 19144 --- [main] .s.d.r.c.RepositoryConfigurationDelegate : Bootstrapping Spring Data JPA repositories in DEFAULT mode.
2025-11-26T22:15:43.159+03:00  INFO 19144 --- [main] .s.d.r.c.RepositoryConfigurationDelegate : Finished Spring Data repository scanning in 319 ms. Found 25 JPA repository interfaces.
2025-11-26T22:15:44.347+03:00  INFO 19144 --- [main] o.s.b.w.embedded.tomcat.TomcatWebServer  : Tomcat initialized with port(s): 9091 (http)
2025-11-26T22:15:44.360+03:00  INFO 19144 --- [main] o.apache.catalina.core.StandardService   : Starting service [Tomcat]
2025-11-26T22:15:44.360+03:00  INFO 19144 --- [main] o.apache.catalina.core.StandardEngine    : Starting Servlet engine: [Apache Tomcat/10.1.7]
2025-11-26T22:15:44.514+03:00  INFO 19144 --- [main] o.a.c.c.C.[Tomcat].[localhost].[/]       : Initializing Spring embedded WebApplicationContext
2025-11-26T22:15:44.515+03:00  INFO 19144 --- [main] w.s.c.ServletWebServerApplicationContext : Root WebApplicationContext: initialization completed in 3347 ms
2025-11-26T22:15:44.997+03:00  INFO 19144 --- [main] o.hibernate.jpa.internal.util.LogHelper  : HHH000204: Processing PersistenceUnitInfo [name: default]
2025-11-26T22:15:45.073+03:00  INFO 19144 --- [main] org.hibernate.Version                    : HHH000412: Hibernate ORM core version 6.1.7.Final
2025-11-26T22:15:45.493+03:00  INFO 19144 --- [main] com.zaxxer.hikari.HikariDataSource       : HikariPool-1 - Starting...
2025-11-26T22:15:45.786+03:00  INFO 19144 --- [main] com.zaxxer.hikari.pool.HikariPool        : HikariPool-1 - Added connection com.mysql.cj.jdbc.ConnectionImpl@16949dfa
2025-11-26T22:15:45.789+03:00  INFO 19144 --- [main] com.zaxxer.hikari.HikariDataSource       : HikariPool-1 - Start completed.
2025-11-26T22:15:45.845+03:00  WARN 19144 --- [main] org.hibernate.dialect.Dialect            : HHH000511: The 5.5.0 version for [org.hibernate.dialect.MySQLDialect] is no longer supported, hence certain features may not work properly. The minimum supported version is 5.7.0. Check the community dialects project for available legacy versions.
2025-11-26T22:15:45.850+03:00  INFO 19144 --- [main] SQL dialect                              : HHH000400: Using dialect: org.hibernate.dialect.MySQLDialect
2025-11-26T22:15:48.631+03:00  INFO 19144 --- [main] o.h.e.t.j.p.i.JtaPlatformInitiator       : HHH000490: Using JtaPlatform implementation: [org.hibernate.engine.transaction.jta.platform.internal.NoJtaPlatform]
2025-11-26T22:15:48.641+03:00  INFO 19144 --- [main] j.LocalContainerEntityManagerFactoryBean : Initialized JPA EntityManagerFactory for persistence unit 'default'
2025-11-26T22:15:49.263+03:00  WARN 19144 --- [main] ocalVariableTableParameterNameDiscoverer : Using deprecated '-debug' fallback for parameter name resolution. Compile the affected code with '-parameters' instead or avoid its introspection: org.example.repositories.ClientPaymentRepository
2025-11-26T22:15:49.862+03:00  WARN 19144 --- [main] ocalVariableTableParameterNameDiscoverer : Using deprecated '-debug' fallback for parameter name resolution. Compile the affected code with '-parameters' instead or avoid its introspection: org.example.repositories.ForfeitRepository
2025-11-26T22:15:49.922+03:00  WARN 19144 --- [main] ocalVariableTableParameterNameDiscoverer : Using deprecated '-debug' fallback for parameter name resolution. Compile the affected code with '-parameters' instead or avoid its introspection: org.example.repositories.PartitionRepository
2025-11-26T22:15:49.957+03:00  WARN 19144 --- [main] ConfigServletWebServerApplicationContext : Exception encountered during context initialization - cancelling refresh attempt: org.springframework.beans.factory.UnsatisfiedDependencyException: Error creating bean with name 'forfeitController' defined in file [D:\fuelRefactored\FuelCleanCode\Service\target\classes\org\example\controllers\ForfeitController.class]: Unsatisfied dependency expressed through constructor parameter 0: Error creating bean with name 'createForfeit' defined in class path resource [org/example/beans/Beans.class]: Unsatisfied dependency expressed through method 'createForfeit' parameter 2: Error creating bean with name 'partitionRepo' defined in class path resource [org/example/beans/Beans.class]: Unsatisfied dependency expressed through method 'partitionRepo' parameter 0: Error creating bean with name 'partitionRepository' defined in org.example.repositories.PartitionRepository defined in @EnableJpaRepositories declared on JpaRepositoriesRegistrar.EnableJpaRepositoriesConfiguration: Could not create query for public abstract java.util.List org.example.repositories.PartitionRepository.getPartitionEntitiesByRefinery(java.lang.Long,java.time.LocalDateTime,java.time.LocalDateTime,org.example.entities.TransportationType); Reason: Validation failed for query for method public abstract java.util.List org.example.repositories.PartitionRepository.getPartitionEntitiesByRefinery(java.lang.Long,java.time.LocalDateTime,java.time.LocalDateTime,org.example.entities.TransportationType)
2025-11-26T22:15:49.958+03:00  INFO 19144 --- [main] j.LocalContainerEntityManagerFactoryBean : Closing JPA EntityManagerFactory for persistence unit 'default'
2025-11-26T22:15:49.960+03:00  INFO 19144 --- [main] com.zaxxer.hikari.HikariDataSource       : HikariPool-1 - Shutdown initiated...
2025-11-26T22:15:49.967+03:00  INFO 19144 --- [main] com.zaxxer.hikari.HikariDataSource       : HikariPool-1 - Shutdown completed.
2025-11-26T22:15:49.969+03:00  INFO 19144 --- [main] o.apache.catalina.core.StandardService   : Stopping service [Tomcat]
2025-11-26T22:15:49.991+03:00  INFO 19144 --- [main] .s.b.a.l.ConditionEvaluationReportLogger : 

Error starting ApplicationContext. To display the condition evaluation report re-run your application with 'debug' enabled.
2025-11-26T22:15:50.031+03:00 ERROR 19144 --- [main] o.s.boot.SpringApplication               : Application run failed

org.springframework.beans.factory.UnsatisfiedDependencyException: Error creating bean with name 'forfeitController' defined in file [D:\fuelRefactored\FuelCleanCode\Service\target\classes\org\example\controllers\ForfeitController.class]: Unsatisfied dependency expressed through constructor parameter 0: Error creating bean with name 'createForfeit' defined in class path resource [org/example/beans/Beans.class]: Unsatisfied dependency expressed through method 'createForfeit' parameter 2: Error creating bean with name 'partitionRepo' defined in class path resource [org/example/beans/Beans.class]: Unsatisfied dependency expressed through method 'partitionRepo' parameter 0: Error creating bean with name 'partitionRepository' defined in org.example.repositories.PartitionRepository defined in @EnableJpaRepositories declared on JpaRepositoriesRegistrar.EnableJpaRepositoriesConfiguration: Could not create query for public abstract java.util.List org.example.repositories.PartitionRepository.getPartitionEntitiesByRefinery(java.lang.Long,java.time.LocalDateTime,java.time.LocalDateTime,org.example.entities.TransportationType); Reason: Validation failed for query for method public abstract java.util.List org.example.repositories.PartitionRepository.getPartitionEntitiesByRefinery(java.lang.Long,java.time.LocalDateTime,java.time.LocalDateTime,org.example.entities.TransportationType)
	at org.springframework.beans.factory.support.ConstructorResolver.createArgumentArray(ConstructorResolver.java:798) ~[spring-beans-6.0.7.jar:6.0.7]
	at org.springframework.beans.factory.support.ConstructorResolver.autowireConstructor(ConstructorResolver.java:245) ~[spring-beans-6.0.7.jar:6.0.7]
	at org.springframework.beans.factory.support.AbstractAutowireCapableBeanFactory.autowireConstructor(AbstractAutowireCapableBeanFactory.java:1352) ~[spring-beans-6.0.7.jar:6.0.7]
	at org.springframework.beans.factory.support.AbstractAutowireCapableBeanFactory.createBeanInstance(AbstractAutowireCapableBeanFactory.java:1189) ~[spring-beans-6.0.7.jar:6.0.7]
	at org.springframework.beans.factory.support.AbstractAutowireCapableBeanFactory.doCreateBean(AbstractAutowireCapableBeanFactory.java:560) ~[spring-beans-6.0.7.jar:6.0.7]
	at org.springframework.beans.factory.support.AbstractAutowireCapableBeanFactory.createBean(AbstractAutowireCapableBeanFactory.java:520) ~[spring-beans-6.0.7.jar:6.0.7]
	at org.springframework.beans.factory.support.AbstractBeanFactory.lambda$doGetBean$0(AbstractBeanFactory.java:326) ~[spring-beans-6.0.7.jar:6.0.7]
	at org.springframework.beans.factory.support.DefaultSingletonBeanRegistry.getSingleton(DefaultSingletonBeanRegistry.java:234) ~[spring-beans-6.0.7.jar:6.0.7]
	at org.springframework.beans.factory.support.AbstractBeanFactory.doGetBean(AbstractBeanFactory.java:324) ~[spring-beans-6.0.7.jar:6.0.7]
	at org.springframework.beans.factory.support.AbstractBeanFactory.getBean(AbstractBeanFactory.java:200) ~[spring-beans-6.0.7.jar:6.0.7]
	at org.springframework.beans.factory.support.DefaultListableBeanFactory.preInstantiateSingletons(DefaultListableBeanFactory.java:973) ~[spring-beans-6.0.7.jar:6.0.7]
	at org.springframework.context.support.AbstractApplicationContext.finishBeanFactoryInitialization(AbstractApplicationContext.java:917) ~[spring-context-6.0.7.jar:6.0.7]
	at org.springframework.context.support.AbstractApplicationContext.refresh(AbstractApplicationContext.java:584) ~[spring-context-6.0.7.jar:6.0.7]
	at org.springframework.boot.web.servlet.context.ServletWebServerApplicationContext.refresh(ServletWebServerApplicationContext.java:146) ~[spring-boot-3.0.5.jar:3.0.5]
	at org.springframework.boot.SpringApplication.refresh(SpringApplication.java:732) ~[spring-boot-3.0.5.jar:3.0.5]
	at org.springframework.boot.SpringApplication.refreshContext(SpringApplication.java:434) ~[spring-boot-3.0.5.jar:3.0.5]
	at org.springframework.boot.SpringApplication.run(SpringApplication.java:310) ~[spring-boot-3.0.5.jar:3.0.5]
	at org.springframework.boot.SpringApplication.run(SpringApplication.java:1304) ~[spring-boot-3.0.5.jar:3.0.5]
	at org.springframework.boot.SpringApplication.run(SpringApplication.java:1293) ~[spring-boot-3.0.5.jar:3.0.5]
	at org.example.Main.main(Main.java:9) ~[classes/:na]
Caused by: org.springframework.beans.factory.UnsatisfiedDependencyException: Error creating bean with name 'createForfeit' defined in class path resource [org/example/beans/Beans.class]: Unsatisfied dependency expressed through method 'createForfeit' parameter 2: Error creating bean with name 'partitionRepo' defined in class path resource [org/example/beans/Beans.class]: Unsatisfied dependency expressed through method 'partitionRepo' parameter 0: Error creating bean with name 'partitionRepository' defined in org.example.repositories.PartitionRepository defined in @EnableJpaRepositories declared on JpaRepositoriesRegistrar.EnableJpaRepositoriesConfiguration: Could not create query for public abstract java.util.List org.example.repositories.PartitionRepository.getPartitionEntitiesByRefinery(java.lang.Long,java.time.LocalDateTime,java.time.LocalDateTime,org.example.entities.TransportationType); Reason: Validation failed for query for method public abstract java.util.List org.example.repositories.PartitionRepository.getPartitionEntitiesByRefinery(java.lang.Long,java.time.LocalDateTime,java.time.LocalDateTime,org.example.entities.TransportationType)
	at org.springframework.beans.factory.support.ConstructorResolver.createArgumentArray(ConstructorResolver.java:798) ~[spring-beans-6.0.7.jar:6.0.7]
	at org.springframework.beans.factory.support.ConstructorResolver.instantiateUsingFactoryMethod(ConstructorResolver.java:548) ~[spring-beans-6.0.7.jar:6.0.7]
	at org.springframework.beans.factory.support.AbstractAutowireCapableBeanFactory.instantiateUsingFactoryMethod(AbstractAutowireCapableBeanFactory.java:1332) ~[spring-beans-6.0.7.jar:6.0.7]
	at org.springframework.beans.factory.support.AbstractAutowireCapableBeanFactory.createBeanInstance(AbstractAutowireCapableBeanFactory.java:1162) ~[spring-beans-6.0.7.jar:6.0.7]
	at org.springframework.beans.factory.support.AbstractAutowireCapableBeanFactory.doCreateBean(AbstractAutowireCapableBeanFactory.java:560) ~[spring-beans-6.0.7.jar:6.0.7]
	at org.springframework.beans.factory.support.AbstractAutowireCapableBeanFactory.createBean(AbstractAutowireCapableBeanFactory.java:520) ~[spring-beans-6.0.7.jar:6.0.7]
	at org.springframework.beans.factory.support.AbstractBeanFactory.lambda$doGetBean$0(AbstractBeanFactory.java:326) ~[spring-beans-6.0.7.jar:6.0.7]
	at org.springframework.beans.factory.support.DefaultSingletonBeanRegistry.getSingleton(DefaultSingletonBeanRegistry.java:234) ~[spring-beans-6.0.7.jar:6.0.7]
	at org.springframework.beans.factory.support.AbstractBeanFactory.doGetBean(AbstractBeanFactory.java:324) ~[spring-beans-6.0.7.jar:6.0.7]
	at org.springframework.beans.factory.support.AbstractBeanFactory.getBean(AbstractBeanFactory.java:200) ~[spring-beans-6.0.7.jar:6.0.7]
	at org.springframework.beans.factory.config.DependencyDescriptor.resolveCandidate(DependencyDescriptor.java:254) ~[spring-beans-6.0.7.jar:6.0.7]
	at org.springframework.beans.factory.support.DefaultListableBeanFactory.doResolveDependency(DefaultListableBeanFactory.java:1417) ~[spring-beans-6.0.7.jar:6.0.7]
	at org.springframework.beans.factory.support.DefaultListableBeanFactory.resolveDependency(DefaultListableBeanFactory.java:1337) ~[spring-beans-6.0.7.jar:6.0.7]
	at org.springframework.beans.factory.support.ConstructorResolver.resolveAutowiredArgument(ConstructorResolver.java:885) ~[spring-beans-6.0.7.jar:6.0.7]
	at org.springframework.beans.factory.support.ConstructorResolver.createArgumentArray(ConstructorResolver.java:789) ~[spring-beans-6.0.7.jar:6.0.7]
	... 19 common frames omitted
Caused by: org.springframework.beans.factory.UnsatisfiedDependencyException: Error creating bean with name 'partitionRepo' defined in class path resource [org/example/beans/Beans.class]: Unsatisfied dependency expressed through method 'partitionRepo' parameter 0: Error creating bean with name 'partitionRepository' defined in org.example.repositories.PartitionRepository defined in @EnableJpaRepositories declared on JpaRepositoriesRegistrar.EnableJpaRepositoriesConfiguration: Could not create query for public abstract java.util.List org.example.repositories.PartitionRepository.getPartitionEntitiesByRefinery(java.lang.Long,java.time.LocalDateTime,java.time.LocalDateTime,org.example.entities.TransportationType); Reason: Validation failed for query for method public abstract java.util.List org.example.repositories.PartitionRepository.getPartitionEntitiesByRefinery(java.lang.Long,java.time.LocalDateTime,java.time.LocalDateTime,org.example.entities.TransportationType)
	at org.springframework.beans.factory.support.ConstructorResolver.createArgumentArray(ConstructorResolver.java:798) ~[spring-beans-6.0.7.jar:6.0.7]
	at org.springframework.beans.factory.support.ConstructorResolver.instantiateUsingFactoryMethod(ConstructorResolver.java:548) ~[spring-beans-6.0.7.jar:6.0.7]
	at org.springframework.beans.factory.support.AbstractAutowireCapableBeanFactory.instantiateUsingFactoryMethod(AbstractAutowireCapableBeanFactory.java:1332) ~[spring-beans-6.0.7.jar:6.0.7]
	at org.springframework.beans.factory.support.AbstractAutowireCapableBeanFactory.createBeanInstance(AbstractAutowireCapableBeanFactory.java:1162) ~[spring-beans-6.0.7.jar:6.0.7]
	at org.springframework.beans.factory.support.AbstractAutowireCapableBeanFactory.doCreateBean(AbstractAutowireCapableBeanFactory.java:560) ~[spring-beans-6.0.7.jar:6.0.7]
	at org.springframework.beans.factory.support.AbstractAutowireCapableBeanFactory.createBean(AbstractAutowireCapableBeanFactory.java:520) ~[spring-beans-6.0.7.jar:6.0.7]
	at org.springframework.beans.factory.support.AbstractBeanFactory.lambda$doGetBean$0(AbstractBeanFactory.java:326) ~[spring-beans-6.0.7.jar:6.0.7]
	at org.springframework.beans.factory.support.DefaultSingletonBeanRegistry.getSingleton(DefaultSingletonBeanRegistry.java:234) ~[spring-beans-6.0.7.jar:6.0.7]
	at org.springframework.beans.factory.support.AbstractBeanFactory.doGetBean(AbstractBeanFactory.java:324) ~[spring-beans-6.0.7.jar:6.0.7]
	at org.springframework.beans.factory.support.AbstractBeanFactory.getBean(AbstractBeanFactory.java:200) ~[spring-beans-6.0.7.jar:6.0.7]
	at org.springframework.beans.factory.config.DependencyDescriptor.resolveCandidate(DependencyDescriptor.java:254) ~[spring-beans-6.0.7.jar:6.0.7]
	at org.springframework.beans.factory.support.DefaultListableBeanFactory.doResolveDependency(DefaultListableBeanFactory.java:1417) ~[spring-beans-6.0.7.jar:6.0.7]
	at org.springframework.beans.factory.support.DefaultListableBeanFactory.resolveDependency(DefaultListableBeanFactory.java:1337) ~[spring-beans-6.0.7.jar:6.0.7]
	at org.springframework.beans.factory.support.ConstructorResolver.resolveAutowiredArgument(ConstructorResolver.java:885) ~[spring-beans-6.0.7.jar:6.0.7]
	at org.springframework.beans.factory.support.ConstructorResolver.createArgumentArray(ConstructorResolver.java:789) ~[spring-beans-6.0.7.jar:6.0.7]
	... 33 common frames omitted
Caused by: org.springframework.beans.factory.BeanCreationException: Error creating bean with name 'partitionRepository' defined in org.example.repositories.PartitionRepository defined in @EnableJpaRepositories declared on JpaRepositoriesRegistrar.EnableJpaRepositoriesConfiguration: Could not create query for public abstract java.util.List org.example.repositories.PartitionRepository.getPartitionEntitiesByRefinery(java.lang.Long,java.time.LocalDateTime,java.time.LocalDateTime,org.example.entities.TransportationType); Reason: Validation failed for query for method public abstract java.util.List org.example.repositories.PartitionRepository.getPartitionEntitiesByRefinery(java.lang.Long,java.time.LocalDateTime,java.time.LocalDateTime,org.example.entities.TransportationType)
	at org.springframework.beans.factory.support.AbstractAutowireCapableBeanFactory.initializeBean(AbstractAutowireCapableBeanFactory.java:1770) ~[spring-beans-6.0.7.jar:6.0.7]
	at org.springframework.beans.factory.support.AbstractAutowireCapableBeanFactory.doCreateBean(AbstractAutowireCapableBeanFactory.java:598) ~[spring-beans-6.0.7.jar:6.0.7]
	at org.springframework.beans.factory.support.AbstractAutowireCapableBeanFactory.createBean(AbstractAutowireCapableBeanFactory.java:520) ~[spring-beans-6.0.7.jar:6.0.7]
	at org.springframework.beans.factory.support.AbstractBeanFactory.lambda$doGetBean$0(AbstractBeanFactory.java:326) ~[spring-beans-6.0.7.jar:6.0.7]
	at org.springframework.beans.factory.support.DefaultSingletonBeanRegistry.getSingleton(DefaultSingletonBeanRegistry.java:234) ~[spring-beans-6.0.7.jar:6.0.7]
	at org.springframework.beans.factory.support.AbstractBeanFactory.doGetBean(AbstractBeanFactory.java:324) ~[spring-beans-6.0.7.jar:6.0.7]
	at org.springframework.beans.factory.support.AbstractBeanFactory.getBean(AbstractBeanFactory.java:200) ~[spring-beans-6.0.7.jar:6.0.7]
	at org.springframework.beans.factory.config.DependencyDescriptor.resolveCandidate(DependencyDescriptor.java:254) ~[spring-beans-6.0.7.jar:6.0.7]
	at org.springframework.beans.factory.support.DefaultListableBeanFactory.doResolveDependency(DefaultListableBeanFactory.java:1417) ~[spring-beans-6.0.7.jar:6.0.7]
	at org.springframework.beans.factory.support.DefaultListableBeanFactory.resolveDependency(DefaultListableBeanFactory.java:1337) ~[spring-beans-6.0.7.jar:6.0.7]
	at org.springframework.beans.factory.support.ConstructorResolver.resolveAutowiredArgument(ConstructorResolver.java:885) ~[spring-beans-6.0.7.jar:6.0.7]
	at org.springframework.beans.factory.support.ConstructorResolver.createArgumentArray(ConstructorResolver.java:789) ~[spring-beans-6.0.7.jar:6.0.7]
	... 47 common frames omitted
Caused by: org.springframework.data.repository.query.QueryCreationException: Could not create query for public abstract java.util.List org.example.repositories.PartitionRepository.getPartitionEntitiesByRefinery(java.lang.Long,java.time.LocalDateTime,java.time.LocalDateTime,org.example.entities.TransportationType); Reason: Validation failed for query for method public abstract java.util.List org.example.repositories.PartitionRepository.getPartitionEntitiesByRefinery(java.lang.Long,java.time.LocalDateTime,java.time.LocalDateTime,org.example.entities.TransportationType)
	at org.springframework.data.repository.query.QueryCreationException.create(QueryCreationException.java:101) ~[spring-data-commons-3.0.4.jar:3.0.4]
	at org.springframework.data.repository.core.support.QueryExecutorMethodInterceptor.lookupQuery(QueryExecutorMethodInterceptor.java:115) ~[spring-data-commons-3.0.4.jar:3.0.4]
	at org.springframework.data.repository.core.support.QueryExecutorMethodInterceptor.mapMethodsToQuery(QueryExecutorMethodInterceptor.java:99) ~[spring-data-commons-3.0.4.jar:3.0.4]
	at org.springframework.data.repository.core.support.QueryExecutorMethodInterceptor.lambda$new$0(QueryExecutorMethodInterceptor.java:88) ~[spring-data-commons-3.0.4.jar:3.0.4]
	at java.base/java.util.Optional.map(Optional.java:260) ~[na:na]
	at org.springframework.data.repository.core.support.QueryExecutorMethodInterceptor.<init>(QueryExecutorMethodInterceptor.java:88) ~[spring-data-commons-3.0.4.jar:3.0.4]
	at org.springframework.data.repository.core.support.RepositoryFactorySupport.getRepository(RepositoryFactorySupport.java:357) ~[spring-data-commons-3.0.4.jar:3.0.4]
	at org.springframework.data.repository.core.support.RepositoryFactoryBeanSupport.lambda$afterPropertiesSet$5(RepositoryFactoryBeanSupport.java:279) ~[spring-data-commons-3.0.4.jar:3.0.4]
	at org.springframework.data.util.Lazy.getNullable(Lazy.java:245) ~[spring-data-commons-3.0.4.jar:3.0.4]
	at org.springframework.data.util.Lazy.get(Lazy.java:114) ~[spring-data-commons-3.0.4.jar:3.0.4]
	at org.springframework.data.repository.core.support.RepositoryFactoryBeanSupport.afterPropertiesSet(RepositoryFactoryBeanSupport.java:285) ~[spring-data-commons-3.0.4.jar:3.0.4]
	at org.springframework.data.jpa.repository.support.JpaRepositoryFactoryBean.afterPropertiesSet(JpaRepositoryFactoryBean.java:132) ~[spring-data-jpa-3.0.4.jar:3.0.4]
	at org.springframework.beans.factory.support.AbstractAutowireCapableBeanFactory.invokeInitMethods(AbstractAutowireCapableBeanFactory.java:1816) ~[spring-beans-6.0.7.jar:6.0.7]
	at org.springframework.beans.factory.support.AbstractAutowireCapableBeanFactory.initializeBean(AbstractAutowireCapableBeanFactory.java:1766) ~[spring-beans-6.0.7.jar:6.0.7]
	... 58 common frames omitted
Caused by: java.lang.IllegalArgumentException: Validation failed for query for method public abstract java.util.List org.example.repositories.PartitionRepository.getPartitionEntitiesByRefinery(java.lang.Long,java.time.LocalDateTime,java.time.LocalDateTime,org.example.entities.TransportationType)
	at org.springframework.data.jpa.repository.query.SimpleJpaQuery.validateQuery(SimpleJpaQuery.java:100) ~[spring-data-jpa-3.0.4.jar:3.0.4]
	at org.springframework.data.jpa.repository.query.SimpleJpaQuery.<init>(SimpleJpaQuery.java:70) ~[spring-data-jpa-3.0.4.jar:3.0.4]
	at org.springframework.data.jpa.repository.query.JpaQueryFactory.fromMethodWithQueryString(JpaQueryFactory.java:55) ~[spring-data-jpa-3.0.4.jar:3.0.4]
	at org.springframework.data.jpa.repository.query.JpaQueryLookupStrategy$DeclaredQueryLookupStrategy.resolveQuery(JpaQueryLookupStrategy.java:170) ~[spring-data-jpa-3.0.4.jar:3.0.4]
	at org.springframework.data.jpa.repository.query.JpaQueryLookupStrategy$CreateIfNotFoundQueryLookupStrategy.resolveQuery(JpaQueryLookupStrategy.java:252) ~[spring-data-jpa-3.0.4.jar:3.0.4]
	at org.springframework.data.jpa.repository.query.JpaQueryLookupStrategy$AbstractQueryLookupStrategy.resolveQuery(JpaQueryLookupStrategy.java:95) ~[spring-data-jpa-3.0.4.jar:3.0.4]
	at org.springframework.data.repository.core.support.QueryExecutorMethodInterceptor.lookupQuery(QueryExecutorMethodInterceptor.java:111) ~[spring-data-commons-3.0.4.jar:3.0.4]
	... 70 common frames omitted
Caused by: java.lang.IllegalArgumentException: org.hibernate.query.sqm.InterpretationException: Error interpreting query [SELECT p FROM PartitionEntity p JOIN p.gasStation g JOIN g.region r JOIN p.transportationEntity t JOIN t.transLogEntity WHERE p.transportationEntity.refinery.id = ?1 AND t.createdAt BETWEEN ?2 AND ?3 AND t.type = ?4]; this may indicate a semantic (user query) problem or a bug in the parser [SELECT p FROM PartitionEntity p JOIN p.gasStation g JOIN g.region r JOIN p.transportationEntity t JOIN t.transLogEntity WHERE p.transportationEntity.refinery.id = ?1 AND t.createdAt BETWEEN ?2 AND ?3 AND t.type = ?4]
	at org.hibernate.internal.ExceptionConverterImpl.convert(ExceptionConverterImpl.java:141) ~[hibernate-core-6.1.7.Final.jar:6.1.7.Final]
	at org.hibernate.internal.ExceptionConverterImpl.convert(ExceptionConverterImpl.java:175) ~[hibernate-core-6.1.7.Final.jar:6.1.7.Final]
	at org.hibernate.internal.ExceptionConverterImpl.convert(ExceptionConverterImpl.java:182) ~[hibernate-core-6.1.7.Final.jar:6.1.7.Final]
	at org.hibernate.internal.AbstractSharedSessionContract.createQuery(AbstractSharedSessionContract.java:760) ~[hibernate-core-6.1.7.Final.jar:6.1.7.Final]
	at org.hibernate.internal.AbstractSharedSessionContract.createQuery(AbstractSharedSessionContract.java:662) ~[hibernate-core-6.1.7.Final.jar:6.1.7.Final]
	at org.hibernate.internal.AbstractSharedSessionContract.createQuery(AbstractSharedSessionContract.java:126) ~[hibernate-core-6.1.7.Final.jar:6.1.7.Final]
	at java.base/jdk.internal.reflect.DirectMethodHandleAccessor.invoke(DirectMethodHandleAccessor.java:104) ~[na:na]
	at java.base/java.lang.reflect.Method.invoke(Method.java:578) ~[na:na]
	at org.springframework.orm.jpa.ExtendedEntityManagerCreator$ExtendedEntityManagerInvocationHandler.invoke(ExtendedEntityManagerCreator.java:360) ~[spring-orm-6.0.7.jar:6.0.7]
	at jdk.proxy2/jdk.proxy2.$Proxy138.createQuery(Unknown Source) ~[na:na]
	at org.springframework.data.jpa.repository.query.SimpleJpaQuery.validateQuery(SimpleJpaQuery.java:94) ~[spring-data-jpa-3.0.4.jar:3.0.4]
	... 76 common frames omitted
Caused by: org.hibernate.query.sqm.InterpretationException: Error interpreting query [SELECT p FROM PartitionEntity p JOIN p.gasStation g JOIN g.region r JOIN p.transportationEntity t JOIN t.transLogEntity WHERE p.transportationEntity.refinery.id = ?1 AND t.createdAt BETWEEN ?2 AND ?3 AND t.type = ?4]; this may indicate a semantic (user query) problem or a bug in the parser [SELECT p FROM PartitionEntity p JOIN p.gasStation g JOIN g.region r JOIN p.transportationEntity t JOIN t.transLogEntity WHERE p.transportationEntity.refinery.id = ?1 AND t.createdAt BETWEEN ?2 AND ?3 AND t.type = ?4]
	at org.hibernate.query.hql.internal.StandardHqlTranslator.translate(StandardHqlTranslator.java:97) ~[hibernate-core-6.1.7.Final.jar:6.1.7.Final]
	at org.hibernate.internal.AbstractSharedSessionContract.lambda$createQuery$2(AbstractSharedSessionContract.java:747) ~[hibernate-core-6.1.7.Final.jar:6.1.7.Final]
	at org.hibernate.query.internal.QueryInterpretationCacheStandardImpl.createHqlInterpretation(QueryInterpretationCacheStandardImpl.java:141) ~[hibernate-core-6.1.7.Final.jar:6.1.7.Final]
	at org.hibernate.query.internal.QueryInterpretationCacheStandardImpl.resolveHqlInterpretation(QueryInterpretationCacheStandardImpl.java:128) ~[hibernate-core-6.1.7.Final.jar:6.1.7.Final]
	at org.hibernate.internal.AbstractSharedSessionContract.createQuery(AbstractSharedSessionContract.java:744) ~[hibernate-core-6.1.7.Final.jar:6.1.7.Final]
	... 83 common frames omitted
Caused by: java.lang.IllegalArgumentException: org.hibernate.query.SemanticException: Could not resolve attribute 'transLogEntity' of 'org.example.entities.TransportationEntity'
	at org.hibernate.query.sqm.SqmPathSource.getSubPathSource(SqmPathSource.java:61) ~[hibernate-core-6.1.7.Final.jar:6.1.7.Final]
	at org.hibernate.query.hql.internal.QualifiedJoinPathConsumer.createJoin(QualifiedJoinPathConsumer.java:178) ~[hibernate-core-6.1.7.Final.jar:6.1.7.Final]
	at org.hibernate.query.hql.internal.QualifiedJoinPathConsumer$AttributeJoinDelegate.consumeIdentifier(QualifiedJoinPathConsumer.java:232) ~[hibernate-core-6.1.7.Final.jar:6.1.7.Final]
	at org.hibernate.query.hql.internal.QualifiedJoinPathConsumer.consumeIdentifier(QualifiedJoinPathConsumer.java:99) ~[hibernate-core-6.1.7.Final.jar:6.1.7.Final]
	at org.hibernate.query.hql.internal.SemanticQueryBuilder.visitSimplePath(SemanticQueryBuilder.java:4819) ~[hibernate-core-6.1.7.Final.jar:6.1.7.Final]
	at org.hibernate.query.hql.internal.SemanticQueryBuilder.visitIndexedPathAccessFragment(SemanticQueryBuilder.java:4766) ~[hibernate-core-6.1.7.Final.jar:6.1.7.Final]
	at org.hibernate.query.hql.internal.SemanticQueryBuilder.visitGeneralPathFragment(SemanticQueryBuilder.java:4735) ~[hibernate-core-6.1.7.Final.jar:6.1.7.Final]
	at org.hibernate.query.hql.internal.SemanticQueryBuilder.visitGeneralPathFragment(SemanticQueryBuilder.java:243) ~[hibernate-core-6.1.7.Final.jar:6.1.7.Final]
	at org.hibernate.grammars.hql.HqlParser$GeneralPathFragmentContext.accept(HqlParser.java:3895) ~[hibernate-core-6.1.7.Final.jar:6.1.7.Final]
	at org.hibernate.query.hql.internal.SemanticQueryBuilder.visitPath(SemanticQueryBuilder.java:4727) ~[hibernate-core-6.1.7.Final.jar:6.1.7.Final]
	at org.hibernate.query.hql.internal.SemanticQueryBuilder.visitPath(SemanticQueryBuilder.java:243) ~[hibernate-core-6.1.7.Final.jar:6.1.7.Final]
	at org.hibernate.grammars.hql.HqlParser$PathContext.accept(HqlParser.java:3693) ~[hibernate-core-6.1.7.Final.jar:6.1.7.Final]
	at org.hibernate.query.hql.internal.SemanticQueryBuilder.consumeJoin(SemanticQueryBuilder.java:1845) ~[hibernate-core-6.1.7.Final.jar:6.1.7.Final]
	at org.hibernate.query.hql.internal.SemanticQueryBuilder.visitEntityWithJoins(SemanticQueryBuilder.java:1561) ~[hibernate-core-6.1.7.Final.jar:6.1.7.Final]
	at org.hibernate.query.hql.internal.SemanticQueryBuilder.visitFromClause(SemanticQueryBuilder.java:1539) ~[hibernate-core-6.1.7.Final.jar:6.1.7.Final]
	at org.hibernate.query.hql.internal.SemanticQueryBuilder.visitQuery(SemanticQueryBuilder.java:833) ~[hibernate-core-6.1.7.Final.jar:6.1.7.Final]
	at org.hibernate.query.hql.internal.SemanticQueryBuilder.visitQuerySpecExpression(SemanticQueryBuilder.java:629) ~[hibernate-core-6.1.7.Final.jar:6.1.7.Final]
	at org.hibernate.query.hql.internal.SemanticQueryBuilder.visitQuerySpecExpression(SemanticQueryBuilder.java:243) ~[hibernate-core-6.1.7.Final.jar:6.1.7.Final]
	at org.hibernate.grammars.hql.HqlParser$QuerySpecExpressionContext.accept(HqlParser.java:1220) ~[hibernate-core-6.1.7.Final.jar:6.1.7.Final]
	at org.hibernate.query.hql.internal.SemanticQueryBuilder.visitSimpleQueryGroup(SemanticQueryBuilder.java:623) ~[hibernate-core-6.1.7.Final.jar:6.1.7.Final]
	at org.hibernate.query.hql.internal.SemanticQueryBuilder.visitSimpleQueryGroup(SemanticQueryBuilder.java:243) ~[hibernate-core-6.1.7.Final.jar:6.1.7.Final]
	at org.hibernate.grammars.hql.HqlParser$SimpleQueryGroupContext.accept(HqlParser.java:1133) ~[hibernate-core-6.1.7.Final.jar:6.1.7.Final]
	at org.hibernate.query.hql.internal.SemanticQueryBuilder.visitSelectStatement(SemanticQueryBuilder.java:399) ~[hibernate-core-6.1.7.Final.jar:6.1.7.Final]
	at org.hibernate.query.hql.internal.SemanticQueryBuilder.visitStatement(SemanticQueryBuilder.java:358) ~[hibernate-core-6.1.7.Final.jar:6.1.7.Final]
	at org.hibernate.query.hql.internal.SemanticQueryBuilder.buildSemanticModel(SemanticQueryBuilder.java:285) ~[hibernate-core-6.1.7.Final.jar:6.1.7.Final]
	at org.hibernate.query.hql.internal.StandardHqlTranslator.translate(StandardHqlTranslator.java:81) ~[hibernate-core-6.1.7.Final.jar:6.1.7.Final]
	... 87 common frames omitted
Caused by: org.hibernate.query.SemanticException: Could not resolve attribute 'transLogEntity' of 'org.example.entities.TransportationEntity'
	... 113 common frames omitted

2025-11-26T22:16:27.377+03:00  INFO 6212 --- [main] org.example.Main                         : Starting Main using Java 20 with PID 6212 (D:\fuelRefactored\FuelCleanCode\Service\target\classes started by GIGABYTE in D:\fuelRefactored\FuelCleanCode)
2025-11-26T22:16:27.379+03:00  INFO 6212 --- [main] org.example.Main                         : The following 1 profile is active: "local"
2025-11-26T22:16:29.132+03:00  INFO 6212 --- [main] .s.d.r.c.RepositoryConfigurationDelegate : Bootstrapping Spring Data JPA repositories in DEFAULT mode.
2025-11-26T22:16:29.466+03:00  INFO 6212 --- [main] .s.d.r.c.RepositoryConfigurationDelegate : Finished Spring Data repository scanning in 321 ms. Found 25 JPA repository interfaces.
2025-11-26T22:16:30.684+03:00  INFO 6212 --- [main] o.s.b.w.embedded.tomcat.TomcatWebServer  : Tomcat initialized with port(s): 9091 (http)
2025-11-26T22:16:30.695+03:00  INFO 6212 --- [main] o.apache.catalina.core.StandardService   : Starting service [Tomcat]
2025-11-26T22:16:30.695+03:00  INFO 6212 --- [main] o.apache.catalina.core.StandardEngine    : Starting Servlet engine: [Apache Tomcat/10.1.7]
2025-11-26T22:16:30.925+03:00  INFO 6212 --- [main] o.a.c.c.C.[Tomcat].[localhost].[/]       : Initializing Spring embedded WebApplicationContext
2025-11-26T22:16:30.925+03:00  INFO 6212 --- [main] w.s.c.ServletWebServerApplicationContext : Root WebApplicationContext: initialization completed in 3477 ms
2025-11-26T22:16:31.387+03:00  INFO 6212 --- [main] o.hibernate.jpa.internal.util.LogHelper  : HHH000204: Processing PersistenceUnitInfo [name: default]
2025-11-26T22:16:31.469+03:00  INFO 6212 --- [main] org.hibernate.Version                    : HHH000412: Hibernate ORM core version 6.1.7.Final
2025-11-26T22:16:31.868+03:00  INFO 6212 --- [main] com.zaxxer.hikari.HikariDataSource       : HikariPool-1 - Starting...
2025-11-26T22:16:32.086+03:00  INFO 6212 --- [main] com.zaxxer.hikari.pool.HikariPool        : HikariPool-1 - Added connection com.mysql.cj.jdbc.ConnectionImpl@2b3b1124
2025-11-26T22:16:32.088+03:00  INFO 6212 --- [main] com.zaxxer.hikari.HikariDataSource       : HikariPool-1 - Start completed.
2025-11-26T22:16:32.148+03:00  WARN 6212 --- [main] org.hibernate.dialect.Dialect            : HHH000511: The 5.5.0 version for [org.hibernate.dialect.MySQLDialect] is no longer supported, hence certain features may not work properly. The minimum supported version is 5.7.0. Check the community dialects project for available legacy versions.
2025-11-26T22:16:32.154+03:00  INFO 6212 --- [main] SQL dialect                              : HHH000400: Using dialect: org.hibernate.dialect.MySQLDialect
2025-11-26T22:16:34.314+03:00  INFO 6212 --- [main] o.h.e.t.j.p.i.JtaPlatformInitiator       : HHH000490: Using JtaPlatform implementation: [org.hibernate.engine.transaction.jta.platform.internal.NoJtaPlatform]
2025-11-26T22:16:34.324+03:00  INFO 6212 --- [main] j.LocalContainerEntityManagerFactoryBean : Initialized JPA EntityManagerFactory for persistence unit 'default'
2025-11-26T22:16:34.956+03:00  WARN 6212 --- [main] ocalVariableTableParameterNameDiscoverer : Using deprecated '-debug' fallback for parameter name resolution. Compile the affected code with '-parameters' instead or avoid its introspection: org.example.repositories.ClientPaymentRepository
2025-11-26T22:16:35.493+03:00  WARN 6212 --- [main] ocalVariableTableParameterNameDiscoverer : Using deprecated '-debug' fallback for parameter name resolution. Compile the affected code with '-parameters' instead or avoid its introspection: org.example.repositories.ForfeitRepository
2025-11-26T22:16:35.552+03:00  WARN 6212 --- [main] ocalVariableTableParameterNameDiscoverer : Using deprecated '-debug' fallback for parameter name resolution. Compile the affected code with '-parameters' instead or avoid its introspection: org.example.repositories.PartitionRepository
2025-11-26T22:16:35.898+03:00  WARN 6212 --- [main] ocalVariableTableParameterNameDiscoverer : Using deprecated '-debug' fallback for parameter name resolution. Compile the affected code with '-parameters' instead or avoid its introspection: org.example.repositories.TransRepoJpa
2025-11-26T22:16:36.007+03:00  WARN 6212 --- [main] ocalVariableTableParameterNameDiscoverer : Using deprecated '-debug' fallback for parameter name resolution. Compile the affected code with '-parameters' instead or avoid its introspection: org.example.repositories.ReturnedMaterialRepository
2025-11-26T22:16:36.169+03:00  WARN 6212 --- [main] ocalVariableTableParameterNameDiscoverer : Using deprecated '-debug' fallback for parameter name resolution. Compile the affected code with '-parameters' instead or avoid its introspection: org.example.repositories.TransferMaterialRepository
2025-11-26T22:16:36.295+03:00  WARN 6212 --- [main] ocalVariableTableParameterNameDiscoverer : Using deprecated '-debug' fallback for parameter name resolution. Compile the affected code with '-parameters' instead or avoid its introspection: org.example.repositories.TransLineRepository
2025-11-26T22:16:36.328+03:00  WARN 6212 --- [main] ocalVariableTableParameterNameDiscoverer : Using deprecated '-debug' fallback for parameter name resolution. Compile the affected code with '-parameters' instead or avoid its introspection: org.example.repositories.TransLogRepository
2025-11-26T22:16:36.638+03:00  WARN 6212 --- [main] JpaBaseConfiguration$JpaWebConfiguration : spring.jpa.open-in-view is enabled by default. Therefore, database queries may be performed during view rendering. Explicitly configure spring.jpa.open-in-view to disable this warning
2025-11-26T22:16:37.566+03:00  INFO 6212 --- [main] o.s.b.a.e.web.EndpointLinksResolver      : Exposing 1 endpoint(s) beneath base path '/actuator'
2025-11-26T22:16:37.690+03:00  INFO 6212 --- [main] o.s.b.w.embedded.tomcat.TomcatWebServer  : Tomcat started on port(s): 9091 (http) with context path ''
2025-11-26T22:16:37.718+03:00  INFO 6212 --- [main] org.example.Main                         : Started Main in 10.961 seconds (process running for 11.784)
2025-11-26T22:16:51.443+03:00  INFO 6212 --- [http-nio-9091-exec-1] o.a.c.c.C.[Tomcat].[localhost].[/]       : Initializing Spring DispatcherServlet 'dispatcherServlet'
2025-11-26T22:16:51.443+03:00  INFO 6212 --- [http-nio-9091-exec-1] o.s.web.servlet.DispatcherServlet        : Initializing Servlet 'dispatcherServlet'
2025-11-26T22:16:51.447+03:00  INFO 6212 --- [http-nio-9091-exec-1] o.s.web.servlet.DispatcherServlet        : Completed initialization in 2 ms
2025-11-26T22:16:51.815+03:00  WARN 6212 --- [http-nio-9091-exec-1] org.example.security.CustomFilter        : /api/v1/partition/RefineryReport/HTML/3/2025-09-01/2025-11-26/NORMAL
2025-11-26T22:16:52.042+03:00  WARN 6212 --- [http-nio-9091-exec-1] org.example.security.CustomFilter        : /api/v1/partition/RefineryReport/HTML/3/2025-09-01/2025-11-26/NORMAL headers org.apache.tomcat.util.http.ValuesEnumerator@2d9ea284
2025-11-26T22:16:52.107+03:00  WARN 6212 --- [http-nio-9091-exec-1] ocalVariableTableParameterNameDiscoverer : Using deprecated '-debug' fallback for parameter name resolution. Compile the affected code with '-parameters' instead or avoid its introspection: org.example.controllers.PartitionController
2025-11-26T22:16:54.868+03:00 ERROR 6212 --- [http-nio-9091-exec-1] o.a.c.c.C.[.[.[/].[dispatcherServlet]    : Servlet.service() for servlet [dispatcherServlet] in context with path [] threw exception [Request processing failed: java.lang.RuntimeException: net.sf.jasperreports.engine.JRException: Error retrieving field value from bean: transportationEntity.transLogs.notes.] with root cause

java.lang.NoSuchMethodException: Unknown property 'notes' on class 'class org.hibernate.collection.spi.PersistentSet'
	at org.apache.commons.beanutils.PropertyUtilsBean.getSimpleProperty(PropertyUtilsBean.java:1270) ~[commons-beanutils-1.9.4.jar:1.9.4]
	at org.apache.commons.beanutils.PropertyUtilsBean.getNestedProperty(PropertyUtilsBean.java:809) ~[commons-beanutils-1.9.4.jar:1.9.4]
	at org.apache.commons.beanutils.PropertyUtilsBean.getProperty(PropertyUtilsBean.java:885) ~[commons-beanutils-1.9.4.jar:1.9.4]
	at org.apache.commons.beanutils.PropertyUtils.getProperty(PropertyUtils.java:464) ~[commons-beanutils-1.9.4.jar:1.9.4]
	at net.sf.jasperreports.engine.data.JRAbstractBeanDataSource.getBeanProperty(JRAbstractBeanDataSource.java:156) ~[jasperreports-6.20.6.jar:6.20.6-5c96b6aa8a39ac1dc6b6bea4b81168e16dd39231]
	at net.sf.jasperreports.engine.data.JRAbstractBeanDataSource.getFieldValue(JRAbstractBeanDataSource.java:141) ~[jasperreports-6.20.6.jar:6.20.6-5c96b6aa8a39ac1dc6b6bea4b81168e16dd39231]
	at net.sf.jasperreports.engine.data.JRBeanCollectionDataSource.getFieldValue(JRBeanCollectionDataSource.java:104) ~[jasperreports-6.20.6.jar:6.20.6-5c96b6aa8a39ac1dc6b6bea4b81168e16dd39231]
	at net.sf.jasperreports.engine.fill.JRFillDataset.setOldValues(JRFillDataset.java:1533) ~[jasperreports-6.20.6.jar:6.20.6-5c96b6aa8a39ac1dc6b6bea4b81168e16dd39231]
	at net.sf.jasperreports.engine.fill.JRFillDataset.next(JRFillDataset.java:1434) ~[jasperreports-6.20.6.jar:6.20.6-5c96b6aa8a39ac1dc6b6bea4b81168e16dd39231]
	at net.sf.jasperreports.engine.fill.JRFillDataset.next(JRFillDataset.java:1410) ~[jasperreports-6.20.6.jar:6.20.6-5c96b6aa8a39ac1dc6b6bea4b81168e16dd39231]
	at net.sf.jasperreports.engine.fill.JRBaseFiller.next(JRBaseFiller.java:1210) ~[jasperreports-6.20.6.jar:6.20.6-5c96b6aa8a39ac1dc6b6bea4b81168e16dd39231]
	at net.sf.jasperreports.engine.fill.JRVerticalFiller.fillReport(JRVerticalFiller.java:117) ~[jasperreports-6.20.6.jar:6.20.6-5c96b6aa8a39ac1dc6b6bea4b81168e16dd39231]
	at net.sf.jasperreports.engine.fill.JRBaseFiller.fill(JRBaseFiller.java:631) ~[jasperreports-6.20.6.jar:6.20.6-5c96b6aa8a39ac1dc6b6bea4b81168e16dd39231]
	at net.sf.jasperreports.engine.fill.BaseReportFiller.fill(BaseReportFiller.java:434) ~[jasperreports-6.20.6.jar:6.20.6-5c96b6aa8a39ac1dc6b6bea4b81168e16dd39231]
	at net.sf.jasperreports.engine.fill.JRFiller.fill(JRFiller.java:162) ~[jasperreports-6.20.6.jar:6.20.6-5c96b6aa8a39ac1dc6b6bea4b81168e16dd39231]
	at net.sf.jasperreports.engine.fill.JRFiller.fill(JRFiller.java:145) ~[jasperreports-6.20.6.jar:6.20.6-5c96b6aa8a39ac1dc6b6bea4b81168e16dd39231]
	at net.sf.jasperreports.engine.JasperFillManager.fill(JasperFillManager.java:758) ~[jasperreports-6.20.6.jar:6.20.6-5c96b6aa8a39ac1dc6b6bea4b81168e16dd39231]
	at net.sf.jasperreports.engine.JasperFillManager.fillReport(JasperFillManager.java:1074) ~[jasperreports-6.20.6.jar:6.20.6-5c96b6aa8a39ac1dc6b6bea4b81168e16dd39231]
	at org.example.controllers.PartitionController.getRefineryReport(PartitionController.java:295) ~[classes/:na]
	at java.base/jdk.internal.reflect.DirectMethodHandleAccessor.invoke(DirectMethodHandleAccessor.java:104) ~[na:na]
	at java.base/java.lang.reflect.Method.invoke(Method.java:578) ~[na:na]
	at org.springframework.web.method.support.InvocableHandlerMethod.doInvoke(InvocableHandlerMethod.java:207) ~[spring-web-6.0.7.jar:6.0.7]
	at org.springframework.web.method.support.InvocableHandlerMethod.invokeForRequest(InvocableHandlerMethod.java:152) ~[spring-web-6.0.7.jar:6.0.7]
	at org.springframework.web.servlet.mvc.method.annotation.ServletInvocableHandlerMethod.invokeAndHandle(ServletInvocableHandlerMethod.java:118) ~[spring-webmvc-6.0.7.jar:6.0.7]
	at org.springframework.web.servlet.mvc.method.annotation.RequestMappingHandlerAdapter.invokeHandlerMethod(RequestMappingHandlerAdapter.java:884) ~[spring-webmvc-6.0.7.jar:6.0.7]
	at org.springframework.web.servlet.mvc.method.annotation.RequestMappingHandlerAdapter.handleInternal(RequestMappingHandlerAdapter.java:797) ~[spring-webmvc-6.0.7.jar:6.0.7]
	at org.springframework.web.servlet.mvc.method.AbstractHandlerMethodAdapter.handle(AbstractHandlerMethodAdapter.java:87) ~[spring-webmvc-6.0.7.jar:6.0.7]
	at org.springframework.web.servlet.DispatcherServlet.doDispatch(DispatcherServlet.java:1081) ~[spring-webmvc-6.0.7.jar:6.0.7]
	at org.springframework.web.servlet.DispatcherServlet.doService(DispatcherServlet.java:974) ~[spring-webmvc-6.0.7.jar:6.0.7]
	at org.springframework.web.servlet.FrameworkServlet.processRequest(FrameworkServlet.java:1011) ~[spring-webmvc-6.0.7.jar:6.0.7]
	at org.springframework.web.servlet.FrameworkServlet.doGet(FrameworkServlet.java:903) ~[spring-webmvc-6.0.7.jar:6.0.7]
	at jakarta.servlet.http.HttpServlet.service(HttpServlet.java:537) ~[tomcat-embed-core-10.1.7.jar:6.0]
	at org.springframework.web.servlet.FrameworkServlet.service(FrameworkServlet.java:885) ~[spring-webmvc-6.0.7.jar:6.0.7]
	at jakarta.servlet.http.HttpServlet.service(HttpServlet.java:631) ~[tomcat-embed-core-10.1.7.jar:6.0]
	at org.apache.catalina.core.ApplicationFilterChain.internalDoFilter(ApplicationFilterChain.java:205) ~[tomcat-embed-core-10.1.7.jar:10.1.7]
	at org.apache.catalina.core.ApplicationFilterChain.doFilter(ApplicationFilterChain.java:149) ~[tomcat-embed-core-10.1.7.jar:10.1.7]
	at org.apache.tomcat.websocket.server.WsFilter.doFilter(WsFilter.java:53) ~[tomcat-embed-websocket-10.1.7.jar:10.1.7]
	at org.apache.catalina.core.ApplicationFilterChain.internalDoFilter(ApplicationFilterChain.java:174) ~[tomcat-embed-core-10.1.7.jar:10.1.7]
	at org.apache.catalina.core.ApplicationFilterChain.doFilter(ApplicationFilterChain.java:149) ~[tomcat-embed-core-10.1.7.jar:10.1.7]
	at org.example.security.CustomFilter.doFilter(CustomFilter.java:87) ~[classes/:na]
	at org.apache.catalina.core.ApplicationFilterChain.internalDoFilter(ApplicationFilterChain.java:174) ~[tomcat-embed-core-10.1.7.jar:10.1.7]
	at org.apache.catalina.core.ApplicationFilterChain.doFilter(ApplicationFilterChain.java:149) ~[tomcat-embed-core-10.1.7.jar:10.1.7]
	at org.springframework.web.filter.RequestContextFilter.doFilterInternal(RequestContextFilter.java:100) ~[spring-web-6.0.7.jar:6.0.7]
	at org.springframework.web.filter.OncePerRequestFilter.doFilter(OncePerRequestFilter.java:116) ~[spring-web-6.0.7.jar:6.0.7]
	at org.apache.catalina.core.ApplicationFilterChain.internalDoFilter(ApplicationFilterChain.java:174) ~[tomcat-embed-core-10.1.7.jar:10.1.7]
	at org.apache.catalina.core.ApplicationFilterChain.doFilter(ApplicationFilterChain.java:149) ~[tomcat-embed-core-10.1.7.jar:10.1.7]
	at org.springframework.web.filter.FormContentFilter.doFilterInternal(FormContentFilter.java:93) ~[spring-web-6.0.7.jar:6.0.7]
	at org.springframework.web.filter.OncePerRequestFilter.doFilter(OncePerRequestFilter.java:116) ~[spring-web-6.0.7.jar:6.0.7]
	at org.apache.catalina.core.ApplicationFilterChain.internalDoFilter(ApplicationFilterChain.java:174) ~[tomcat-embed-core-10.1.7.jar:10.1.7]
	at org.apache.catalina.core.ApplicationFilterChain.doFilter(ApplicationFilterChain.java:149) ~[tomcat-embed-core-10.1.7.jar:10.1.7]
	at org.springframework.web.filter.ServerHttpObservationFilter.doFilterInternal(ServerHttpObservationFilter.java:109) ~[spring-web-6.0.7.jar:6.0.7]
	at org.springframework.web.filter.OncePerRequestFilter.doFilter(OncePerRequestFilter.java:116) ~[spring-web-6.0.7.jar:6.0.7]
	at org.apache.catalina.core.ApplicationFilterChain.internalDoFilter(ApplicationFilterChain.java:174) ~[tomcat-embed-core-10.1.7.jar:10.1.7]
	at org.apache.catalina.core.ApplicationFilterChain.doFilter(ApplicationFilterChain.java:149) ~[tomcat-embed-core-10.1.7.jar:10.1.7]
	at org.springframework.web.filter.CharacterEncodingFilter.doFilterInternal(CharacterEncodingFilter.java:201) ~[spring-web-6.0.7.jar:6.0.7]
	at org.springframework.web.filter.OncePerRequestFilter.doFilter(OncePerRequestFilter.java:116) ~[spring-web-6.0.7.jar:6.0.7]
	at org.apache.catalina.core.ApplicationFilterChain.internalDoFilter(ApplicationFilterChain.java:174) ~[tomcat-embed-core-10.1.7.jar:10.1.7]
	at org.apache.catalina.core.ApplicationFilterChain.doFilter(ApplicationFilterChain.java:149) ~[tomcat-embed-core-10.1.7.jar:10.1.7]
	at org.apache.catalina.core.StandardWrapperValve.invoke(StandardWrapperValve.java:166) ~[tomcat-embed-core-10.1.7.jar:10.1.7]
	at org.apache.catalina.core.StandardContextValve.invoke(StandardContextValve.java:90) ~[tomcat-embed-core-10.1.7.jar:10.1.7]
	at org.apache.catalina.authenticator.AuthenticatorBase.invoke(AuthenticatorBase.java:493) ~[tomcat-embed-core-10.1.7.jar:10.1.7]
	at org.apache.catalina.core.StandardHostValve.invoke(StandardHostValve.java:115) ~[tomcat-embed-core-10.1.7.jar:10.1.7]
	at org.apache.catalina.valves.ErrorReportValve.invoke(ErrorReportValve.java:93) ~[tomcat-embed-core-10.1.7.jar:10.1.7]
	at org.apache.catalina.core.StandardEngineValve.invoke(StandardEngineValve.java:74) ~[tomcat-embed-core-10.1.7.jar:10.1.7]
	at org.apache.catalina.connector.CoyoteAdapter.service(CoyoteAdapter.java:341) ~[tomcat-embed-core-10.1.7.jar:10.1.7]
	at org.apache.coyote.http11.Http11Processor.service(Http11Processor.java:390) ~[tomcat-embed-core-10.1.7.jar:10.1.7]
	at org.apache.coyote.AbstractProcessorLight.process(AbstractProcessorLight.java:63) ~[tomcat-embed-core-10.1.7.jar:10.1.7]
	at org.apache.coyote.AbstractProtocol$ConnectionHandler.process(AbstractProtocol.java:894) ~[tomcat-embed-core-10.1.7.jar:10.1.7]
	at org.apache.tomcat.util.net.NioEndpoint$SocketProcessor.doRun(NioEndpoint.java:1741) ~[tomcat-embed-core-10.1.7.jar:10.1.7]
	at org.apache.tomcat.util.net.SocketProcessorBase.run(SocketProcessorBase.java:52) ~[tomcat-embed-core-10.1.7.jar:10.1.7]
	at org.apache.tomcat.util.threads.ThreadPoolExecutor.runWorker(ThreadPoolExecutor.java:1191) ~[tomcat-embed-core-10.1.7.jar:10.1.7]
	at org.apache.tomcat.util.threads.ThreadPoolExecutor$Worker.run(ThreadPoolExecutor.java:659) ~[tomcat-embed-core-10.1.7.jar:10.1.7]
	at org.apache.tomcat.util.threads.TaskThread$WrappingRunnable.run(TaskThread.java:61) ~[tomcat-embed-core-10.1.7.jar:10.1.7]
	at java.base/java.lang.Thread.run(Thread.java:1623) ~[na:na]

2025-11-26T22:26:01.623+03:00  INFO 6212 --- [SpringApplicationShutdownHook] j.LocalContainerEntityManagerFactoryBean : Closing JPA EntityManagerFactory for persistence unit 'default'
2025-11-26T22:26:01.631+03:00  INFO 6212 --- [SpringApplicationShutdownHook] com.zaxxer.hikari.HikariDataSource       : HikariPool-1 - Shutdown initiated...
2025-11-26T22:26:01.659+03:00  INFO 6212 --- [SpringApplicationShutdownHook] com.zaxxer.hikari.HikariDataSource       : HikariPool-1 - Shutdown completed.
2025-11-26T22:27:32.522+03:00  INFO 13576 --- [main] org.example.Main                         : Starting Main using Java 20 with PID 13576 (D:\fuelRefactored\FuelCleanCode\Service\target\classes started by GIGABYTE in D:\fuelRefactored\FuelCleanCode)
2025-11-26T22:27:32.525+03:00  INFO 13576 --- [main] org.example.Main                         : The following 1 profile is active: "local"
2025-11-26T22:27:34.831+03:00  INFO 13576 --- [main] .s.d.r.c.RepositoryConfigurationDelegate : Bootstrapping Spring Data JPA repositories in DEFAULT mode.
2025-11-26T22:27:35.158+03:00  INFO 13576 --- [main] .s.d.r.c.RepositoryConfigurationDelegate : Finished Spring Data repository scanning in 311 ms. Found 25 JPA repository interfaces.
2025-11-26T22:27:36.271+03:00  INFO 13576 --- [main] o.s.b.w.embedded.tomcat.TomcatWebServer  : Tomcat initialized with port(s): 9091 (http)
2025-11-26T22:27:36.286+03:00  INFO 13576 --- [main] o.apache.catalina.core.StandardService   : Starting service [Tomcat]
2025-11-26T22:27:36.287+03:00  INFO 13576 --- [main] o.apache.catalina.core.StandardEngine    : Starting Servlet engine: [Apache Tomcat/10.1.7]
2025-11-26T22:27:36.478+03:00  INFO 13576 --- [main] o.a.c.c.C.[Tomcat].[localhost].[/]       : Initializing Spring embedded WebApplicationContext
2025-11-26T22:27:36.479+03:00  INFO 13576 --- [main] w.s.c.ServletWebServerApplicationContext : Root WebApplicationContext: initialization completed in 3892 ms
2025-11-26T22:27:36.931+03:00  INFO 13576 --- [main] o.hibernate.jpa.internal.util.LogHelper  : HHH000204: Processing PersistenceUnitInfo [name: default]
2025-11-26T22:27:37.012+03:00  INFO 13576 --- [main] org.hibernate.Version                    : HHH000412: Hibernate ORM core version 6.1.7.Final
2025-11-26T22:27:37.417+03:00  INFO 13576 --- [main] com.zaxxer.hikari.HikariDataSource       : HikariPool-1 - Starting...
2025-11-26T22:27:37.607+03:00  INFO 13576 --- [main] com.zaxxer.hikari.pool.HikariPool        : HikariPool-1 - Added connection com.mysql.cj.jdbc.ConnectionImpl@144440f5
2025-11-26T22:27:37.610+03:00  INFO 13576 --- [main] com.zaxxer.hikari.HikariDataSource       : HikariPool-1 - Start completed.
2025-11-26T22:27:37.656+03:00  WARN 13576 --- [main] org.hibernate.dialect.Dialect            : HHH000511: The 5.5.0 version for [org.hibernate.dialect.MySQLDialect] is no longer supported, hence certain features may not work properly. The minimum supported version is 5.7.0. Check the community dialects project for available legacy versions.
2025-11-26T22:27:37.668+03:00  INFO 13576 --- [main] SQL dialect                              : HHH000400: Using dialect: org.hibernate.dialect.MySQLDialect
2025-11-26T22:27:39.556+03:00  INFO 13576 --- [main] o.h.e.t.j.p.i.JtaPlatformInitiator       : HHH000490: Using JtaPlatform implementation: [org.hibernate.engine.transaction.jta.platform.internal.NoJtaPlatform]
2025-11-26T22:27:39.564+03:00  INFO 13576 --- [main] j.LocalContainerEntityManagerFactoryBean : Initialized JPA EntityManagerFactory for persistence unit 'default'
2025-11-26T22:27:40.111+03:00  WARN 13576 --- [main] ocalVariableTableParameterNameDiscoverer : Using deprecated '-debug' fallback for parameter name resolution. Compile the affected code with '-parameters' instead or avoid its introspection: org.example.repositories.ClientPaymentRepository
2025-11-26T22:27:40.686+03:00  WARN 13576 --- [main] ocalVariableTableParameterNameDiscoverer : Using deprecated '-debug' fallback for parameter name resolution. Compile the affected code with '-parameters' instead or avoid its introspection: org.example.repositories.ForfeitRepository
2025-11-26T22:27:40.753+03:00  WARN 13576 --- [main] ocalVariableTableParameterNameDiscoverer : Using deprecated '-debug' fallback for parameter name resolution. Compile the affected code with '-parameters' instead or avoid its introspection: org.example.repositories.PartitionRepository
2025-11-26T22:27:41.093+03:00  WARN 13576 --- [main] ocalVariableTableParameterNameDiscoverer : Using deprecated '-debug' fallback for parameter name resolution. Compile the affected code with '-parameters' instead or avoid its introspection: org.example.repositories.TransRepoJpa
2025-11-26T22:27:41.195+03:00  WARN 13576 --- [main] ocalVariableTableParameterNameDiscoverer : Using deprecated '-debug' fallback for parameter name resolution. Compile the affected code with '-parameters' instead or avoid its introspection: org.example.repositories.ReturnedMaterialRepository
2025-11-26T22:27:41.360+03:00  WARN 13576 --- [main] ocalVariableTableParameterNameDiscoverer : Using deprecated '-debug' fallback for parameter name resolution. Compile the affected code with '-parameters' instead or avoid its introspection: org.example.repositories.TransferMaterialRepository
2025-11-26T22:27:41.487+03:00  WARN 13576 --- [main] ocalVariableTableParameterNameDiscoverer : Using deprecated '-debug' fallback for parameter name resolution. Compile the affected code with '-parameters' instead or avoid its introspection: org.example.repositories.TransLineRepository
2025-11-26T22:27:41.518+03:00  WARN 13576 --- [main] ocalVariableTableParameterNameDiscoverer : Using deprecated '-debug' fallback for parameter name resolution. Compile the affected code with '-parameters' instead or avoid its introspection: org.example.repositories.TransLogRepository
2025-11-26T22:27:41.748+03:00  WARN 13576 --- [main] JpaBaseConfiguration$JpaWebConfiguration : spring.jpa.open-in-view is enabled by default. Therefore, database queries may be performed during view rendering. Explicitly configure spring.jpa.open-in-view to disable this warning
2025-11-26T22:27:42.632+03:00  INFO 13576 --- [main] o.s.b.a.e.web.EndpointLinksResolver      : Exposing 1 endpoint(s) beneath base path '/actuator'
2025-11-26T22:27:42.755+03:00  INFO 13576 --- [main] o.s.b.w.embedded.tomcat.TomcatWebServer  : Tomcat started on port(s): 9091 (http) with context path ''
2025-11-26T22:27:42.774+03:00  INFO 13576 --- [main] org.example.Main                         : Started Main in 10.886 seconds (process running for 11.743)
2025-11-26T22:27:53.919+03:00  INFO 13576 --- [http-nio-9091-exec-1] o.a.c.c.C.[Tomcat].[localhost].[/]       : Initializing Spring DispatcherServlet 'dispatcherServlet'
2025-11-26T22:27:53.919+03:00  INFO 13576 --- [http-nio-9091-exec-1] o.s.web.servlet.DispatcherServlet        : Initializing Servlet 'dispatcherServlet'
2025-11-26T22:27:53.922+03:00  INFO 13576 --- [http-nio-9091-exec-1] o.s.web.servlet.DispatcherServlet        : Completed initialization in 3 ms
2025-11-26T22:27:54.036+03:00  WARN 13576 --- [http-nio-9091-exec-1] org.example.security.CustomFilter        : /api/v1/partition/RefineryReport/HTML/3/2025-09-01/2025-11-26/NORMAL
2025-11-26T22:27:54.155+03:00  WARN 13576 --- [http-nio-9091-exec-1] org.example.security.CustomFilter        : /api/v1/partition/RefineryReport/HTML/3/2025-09-01/2025-11-26/NORMAL headers org.apache.tomcat.util.http.ValuesEnumerator@1a92d0cd
2025-11-26T22:27:54.245+03:00  WARN 13576 --- [http-nio-9091-exec-1] ocalVariableTableParameterNameDiscoverer : Using deprecated '-debug' fallback for parameter name resolution. Compile the affected code with '-parameters' instead or avoid its introspection: org.example.controllers.PartitionController
2025-11-26T22:27:57.493+03:00 ERROR 13576 --- [http-nio-9091-exec-1] o.a.c.c.C.[.[.[/].[dispatcherServlet]    : Servlet.service() for servlet [dispatcherServlet] in context with path [] threw exception [Request processing failed: java.lang.RuntimeException: net.sf.jasperreports.engine.JRException: Error retrieving field value from bean: transportationEntity.transLogs.notes.] with root cause

java.lang.NoSuchMethodException: Unknown property 'notes' on class 'class org.hibernate.collection.spi.PersistentSet'
	at org.apache.commons.beanutils.PropertyUtilsBean.getSimpleProperty(PropertyUtilsBean.java:1270) ~[commons-beanutils-1.9.4.jar:1.9.4]
	at org.apache.commons.beanutils.PropertyUtilsBean.getNestedProperty(PropertyUtilsBean.java:809) ~[commons-beanutils-1.9.4.jar:1.9.4]
	at org.apache.commons.beanutils.PropertyUtilsBean.getProperty(PropertyUtilsBean.java:885) ~[commons-beanutils-1.9.4.jar:1.9.4]
	at org.apache.commons.beanutils.PropertyUtils.getProperty(PropertyUtils.java:464) ~[commons-beanutils-1.9.4.jar:1.9.4]
	at net.sf.jasperreports.engine.data.JRAbstractBeanDataSource.getBeanProperty(JRAbstractBeanDataSource.java:156) ~[jasperreports-6.20.6.jar:6.20.6-5c96b6aa8a39ac1dc6b6bea4b81168e16dd39231]
	at net.sf.jasperreports.engine.data.JRAbstractBeanDataSource.getFieldValue(JRAbstractBeanDataSource.java:141) ~[jasperreports-6.20.6.jar:6.20.6-5c96b6aa8a39ac1dc6b6bea4b81168e16dd39231]
	at net.sf.jasperreports.engine.data.JRBeanCollectionDataSource.getFieldValue(JRBeanCollectionDataSource.java:104) ~[jasperreports-6.20.6.jar:6.20.6-5c96b6aa8a39ac1dc6b6bea4b81168e16dd39231]
	at net.sf.jasperreports.engine.fill.JRFillDataset.setOldValues(JRFillDataset.java:1533) ~[jasperreports-6.20.6.jar:6.20.6-5c96b6aa8a39ac1dc6b6bea4b81168e16dd39231]
	at net.sf.jasperreports.engine.fill.JRFillDataset.next(JRFillDataset.java:1434) ~[jasperreports-6.20.6.jar:6.20.6-5c96b6aa8a39ac1dc6b6bea4b81168e16dd39231]
	at net.sf.jasperreports.engine.fill.JRFillDataset.next(JRFillDataset.java:1410) ~[jasperreports-6.20.6.jar:6.20.6-5c96b6aa8a39ac1dc6b6bea4b81168e16dd39231]
	at net.sf.jasperreports.engine.fill.JRBaseFiller.next(JRBaseFiller.java:1210) ~[jasperreports-6.20.6.jar:6.20.6-5c96b6aa8a39ac1dc6b6bea4b81168e16dd39231]
	at net.sf.jasperreports.engine.fill.JRVerticalFiller.fillReport(JRVerticalFiller.java:117) ~[jasperreports-6.20.6.jar:6.20.6-5c96b6aa8a39ac1dc6b6bea4b81168e16dd39231]
	at net.sf.jasperreports.engine.fill.JRBaseFiller.fill(JRBaseFiller.java:631) ~[jasperreports-6.20.6.jar:6.20.6-5c96b6aa8a39ac1dc6b6bea4b81168e16dd39231]
	at net.sf.jasperreports.engine.fill.BaseReportFiller.fill(BaseReportFiller.java:434) ~[jasperreports-6.20.6.jar:6.20.6-5c96b6aa8a39ac1dc6b6bea4b81168e16dd39231]
	at net.sf.jasperreports.engine.fill.JRFiller.fill(JRFiller.java:162) ~[jasperreports-6.20.6.jar:6.20.6-5c96b6aa8a39ac1dc6b6bea4b81168e16dd39231]
	at net.sf.jasperreports.engine.fill.JRFiller.fill(JRFiller.java:145) ~[jasperreports-6.20.6.jar:6.20.6-5c96b6aa8a39ac1dc6b6bea4b81168e16dd39231]
	at net.sf.jasperreports.engine.JasperFillManager.fill(JasperFillManager.java:758) ~[jasperreports-6.20.6.jar:6.20.6-5c96b6aa8a39ac1dc6b6bea4b81168e16dd39231]
	at net.sf.jasperreports.engine.JasperFillManager.fillReport(JasperFillManager.java:1074) ~[jasperreports-6.20.6.jar:6.20.6-5c96b6aa8a39ac1dc6b6bea4b81168e16dd39231]
	at org.example.controllers.PartitionController.getRefineryReport(PartitionController.java:295) ~[classes/:na]
	at java.base/jdk.internal.reflect.DirectMethodHandleAccessor.invoke(DirectMethodHandleAccessor.java:104) ~[na:na]
	at java.base/java.lang.reflect.Method.invoke(Method.java:578) ~[na:na]
	at org.springframework.web.method.support.InvocableHandlerMethod.doInvoke(InvocableHandlerMethod.java:207) ~[spring-web-6.0.7.jar:6.0.7]
	at org.springframework.web.method.support.InvocableHandlerMethod.invokeForRequest(InvocableHandlerMethod.java:152) ~[spring-web-6.0.7.jar:6.0.7]
	at org.springframework.web.servlet.mvc.method.annotation.ServletInvocableHandlerMethod.invokeAndHandle(ServletInvocableHandlerMethod.java:118) ~[spring-webmvc-6.0.7.jar:6.0.7]
	at org.springframework.web.servlet.mvc.method.annotation.RequestMappingHandlerAdapter.invokeHandlerMethod(RequestMappingHandlerAdapter.java:884) ~[spring-webmvc-6.0.7.jar:6.0.7]
	at org.springframework.web.servlet.mvc.method.annotation.RequestMappingHandlerAdapter.handleInternal(RequestMappingHandlerAdapter.java:797) ~[spring-webmvc-6.0.7.jar:6.0.7]
	at org.springframework.web.servlet.mvc.method.AbstractHandlerMethodAdapter.handle(AbstractHandlerMethodAdapter.java:87) ~[spring-webmvc-6.0.7.jar:6.0.7]
	at org.springframework.web.servlet.DispatcherServlet.doDispatch(DispatcherServlet.java:1081) ~[spring-webmvc-6.0.7.jar:6.0.7]
	at org.springframework.web.servlet.DispatcherServlet.doService(DispatcherServlet.java:974) ~[spring-webmvc-6.0.7.jar:6.0.7]
	at org.springframework.web.servlet.FrameworkServlet.processRequest(FrameworkServlet.java:1011) ~[spring-webmvc-6.0.7.jar:6.0.7]
	at org.springframework.web.servlet.FrameworkServlet.doGet(FrameworkServlet.java:903) ~[spring-webmvc-6.0.7.jar:6.0.7]
	at jakarta.servlet.http.HttpServlet.service(HttpServlet.java:537) ~[tomcat-embed-core-10.1.7.jar:6.0]
	at org.springframework.web.servlet.FrameworkServlet.service(FrameworkServlet.java:885) ~[spring-webmvc-6.0.7.jar:6.0.7]
	at jakarta.servlet.http.HttpServlet.service(HttpServlet.java:631) ~[tomcat-embed-core-10.1.7.jar:6.0]
	at org.apache.catalina.core.ApplicationFilterChain.internalDoFilter(ApplicationFilterChain.java:205) ~[tomcat-embed-core-10.1.7.jar:10.1.7]
	at org.apache.catalina.core.ApplicationFilterChain.doFilter(ApplicationFilterChain.java:149) ~[tomcat-embed-core-10.1.7.jar:10.1.7]
	at org.apache.tomcat.websocket.server.WsFilter.doFilter(WsFilter.java:53) ~[tomcat-embed-websocket-10.1.7.jar:10.1.7]
	at org.apache.catalina.core.ApplicationFilterChain.internalDoFilter(ApplicationFilterChain.java:174) ~[tomcat-embed-core-10.1.7.jar:10.1.7]
	at org.apache.catalina.core.ApplicationFilterChain.doFilter(ApplicationFilterChain.java:149) ~[tomcat-embed-core-10.1.7.jar:10.1.7]
	at org.example.security.CustomFilter.doFilter(CustomFilter.java:87) ~[classes/:na]
	at org.apache.catalina.core.ApplicationFilterChain.internalDoFilter(ApplicationFilterChain.java:174) ~[tomcat-embed-core-10.1.7.jar:10.1.7]
	at org.apache.catalina.core.ApplicationFilterChain.doFilter(ApplicationFilterChain.java:149) ~[tomcat-embed-core-10.1.7.jar:10.1.7]
	at org.springframework.web.filter.RequestContextFilter.doFilterInternal(RequestContextFilter.java:100) ~[spring-web-6.0.7.jar:6.0.7]
	at org.springframework.web.filter.OncePerRequestFilter.doFilter(OncePerRequestFilter.java:116) ~[spring-web-6.0.7.jar:6.0.7]
	at org.apache.catalina.core.ApplicationFilterChain.internalDoFilter(ApplicationFilterChain.java:174) ~[tomcat-embed-core-10.1.7.jar:10.1.7]
	at org.apache.catalina.core.ApplicationFilterChain.doFilter(ApplicationFilterChain.java:149) ~[tomcat-embed-core-10.1.7.jar:10.1.7]
	at org.springframework.web.filter.FormContentFilter.doFilterInternal(FormContentFilter.java:93) ~[spring-web-6.0.7.jar:6.0.7]
	at org.springframework.web.filter.OncePerRequestFilter.doFilter(OncePerRequestFilter.java:116) ~[spring-web-6.0.7.jar:6.0.7]
	at org.apache.catalina.core.ApplicationFilterChain.internalDoFilter(ApplicationFilterChain.java:174) ~[tomcat-embed-core-10.1.7.jar:10.1.7]
	at org.apache.catalina.core.ApplicationFilterChain.doFilter(ApplicationFilterChain.java:149) ~[tomcat-embed-core-10.1.7.jar:10.1.7]
	at org.springframework.web.filter.ServerHttpObservationFilter.doFilterInternal(ServerHttpObservationFilter.java:109) ~[spring-web-6.0.7.jar:6.0.7]
	at org.springframework.web.filter.OncePerRequestFilter.doFilter(OncePerRequestFilter.java:116) ~[spring-web-6.0.7.jar:6.0.7]
	at org.apache.catalina.core.ApplicationFilterChain.internalDoFilter(ApplicationFilterChain.java:174) ~[tomcat-embed-core-10.1.7.jar:10.1.7]
	at org.apache.catalina.core.ApplicationFilterChain.doFilter(ApplicationFilterChain.java:149) ~[tomcat-embed-core-10.1.7.jar:10.1.7]
	at org.springframework.web.filter.CharacterEncodingFilter.doFilterInternal(CharacterEncodingFilter.java:201) ~[spring-web-6.0.7.jar:6.0.7]
	at org.springframework.web.filter.OncePerRequestFilter.doFilter(OncePerRequestFilter.java:116) ~[spring-web-6.0.7.jar:6.0.7]
	at org.apache.catalina.core.ApplicationFilterChain.internalDoFilter(ApplicationFilterChain.java:174) ~[tomcat-embed-core-10.1.7.jar:10.1.7]
	at org.apache.catalina.core.ApplicationFilterChain.doFilter(ApplicationFilterChain.java:149) ~[tomcat-embed-core-10.1.7.jar:10.1.7]
	at org.apache.catalina.core.StandardWrapperValve.invoke(StandardWrapperValve.java:166) ~[tomcat-embed-core-10.1.7.jar:10.1.7]
	at org.apache.catalina.core.StandardContextValve.invoke(StandardContextValve.java:90) ~[tomcat-embed-core-10.1.7.jar:10.1.7]
	at org.apache.catalina.authenticator.AuthenticatorBase.invoke(AuthenticatorBase.java:493) ~[tomcat-embed-core-10.1.7.jar:10.1.7]
	at org.apache.catalina.core.StandardHostValve.invoke(StandardHostValve.java:115) ~[tomcat-embed-core-10.1.7.jar:10.1.7]
	at org.apache.catalina.valves.ErrorReportValve.invoke(ErrorReportValve.java:93) ~[tomcat-embed-core-10.1.7.jar:10.1.7]
	at org.apache.catalina.core.StandardEngineValve.invoke(StandardEngineValve.java:74) ~[tomcat-embed-core-10.1.7.jar:10.1.7]
	at org.apache.catalina.connector.CoyoteAdapter.service(CoyoteAdapter.java:341) ~[tomcat-embed-core-10.1.7.jar:10.1.7]
	at org.apache.coyote.http11.Http11Processor.service(Http11Processor.java:390) ~[tomcat-embed-core-10.1.7.jar:10.1.7]
	at org.apache.coyote.AbstractProcessorLight.process(AbstractProcessorLight.java:63) ~[tomcat-embed-core-10.1.7.jar:10.1.7]
	at org.apache.coyote.AbstractProtocol$ConnectionHandler.process(AbstractProtocol.java:894) ~[tomcat-embed-core-10.1.7.jar:10.1.7]
	at org.apache.tomcat.util.net.NioEndpoint$SocketProcessor.doRun(NioEndpoint.java:1741) ~[tomcat-embed-core-10.1.7.jar:10.1.7]
	at org.apache.tomcat.util.net.SocketProcessorBase.run(SocketProcessorBase.java:52) ~[tomcat-embed-core-10.1.7.jar:10.1.7]
	at org.apache.tomcat.util.threads.ThreadPoolExecutor.runWorker(ThreadPoolExecutor.java:1191) ~[tomcat-embed-core-10.1.7.jar:10.1.7]
	at org.apache.tomcat.util.threads.ThreadPoolExecutor$Worker.run(ThreadPoolExecutor.java:659) ~[tomcat-embed-core-10.1.7.jar:10.1.7]
	at org.apache.tomcat.util.threads.TaskThread$WrappingRunnable.run(TaskThread.java:61) ~[tomcat-embed-core-10.1.7.jar:10.1.7]
	at java.base/java.lang.Thread.run(Thread.java:1623) ~[na:na]

2025-11-26T22:28:58.179+03:00  WARN 13576 --- [http-nio-9091-exec-2] org.example.security.CustomFilter        : /api/v1/partition/RefineryReport/HTML/3/2025-09-01/2025-11-26/NORMAL
2025-11-26T22:28:58.205+03:00  WARN 13576 --- [http-nio-9091-exec-2] org.example.security.CustomFilter        : /api/v1/partition/RefineryReport/HTML/3/2025-09-01/2025-11-26/NORMAL headers org.apache.tomcat.util.http.ValuesEnumerator@3f63d4c
2025-11-26T22:31:59.328+03:00  WARN 13576 --- [HikariPool-1 housekeeper] com.zaxxer.hikari.pool.HikariPool        : HikariPool-1 - Thread starvation or clock leap detected (housekeeper delta=3m21s577ms476µs600ns).
2025-11-26T22:36:46.405+03:00  WARN 13576 --- [HikariPool-1 housekeeper] com.zaxxer.hikari.pool.HikariPool        : HikariPool-1 - Thread starvation or clock leap detected (housekeeper delta=4m47s76ms782µs).
2025-11-26T22:36:46.434+03:00 ERROR 13576 --- [http-nio-9091-exec-2] o.a.c.c.C.[.[.[/].[dispatcherServlet]    : Servlet.service() for servlet [dispatcherServlet] in context with path [] threw exception [Request processing failed: java.lang.RuntimeException: net.sf.jasperreports.engine.JRException: Error retrieving field value from bean: transportationEntity.transLogs.notes.] with root cause

java.lang.NoSuchMethodException: Unknown property 'notes' on class 'class org.hibernate.collection.spi.PersistentSet'
	at org.apache.commons.beanutils.PropertyUtilsBean.getSimpleProperty(PropertyUtilsBean.java:1270) ~[commons-beanutils-1.9.4.jar:1.9.4]
	at org.apache.commons.beanutils.PropertyUtilsBean.getNestedProperty(PropertyUtilsBean.java:809) ~[commons-beanutils-1.9.4.jar:1.9.4]
	at org.apache.commons.beanutils.PropertyUtilsBean.getProperty(PropertyUtilsBean.java:885) ~[commons-beanutils-1.9.4.jar:1.9.4]
	at org.apache.commons.beanutils.PropertyUtils.getProperty(PropertyUtils.java:464) ~[commons-beanutils-1.9.4.jar:1.9.4]
	at net.sf.jasperreports.engine.data.JRAbstractBeanDataSource.getBeanProperty(JRAbstractBeanDataSource.java:156) ~[jasperreports-6.20.6.jar:6.20.6-5c96b6aa8a39ac1dc6b6bea4b81168e16dd39231]
	at net.sf.jasperreports.engine.data.JRAbstractBeanDataSource.getFieldValue(JRAbstractBeanDataSource.java:141) ~[jasperreports-6.20.6.jar:6.20.6-5c96b6aa8a39ac1dc6b6bea4b81168e16dd39231]
	at net.sf.jasperreports.engine.data.JRBeanCollectionDataSource.getFieldValue(JRBeanCollectionDataSource.java:104) ~[jasperreports-6.20.6.jar:6.20.6-5c96b6aa8a39ac1dc6b6bea4b81168e16dd39231]
	at net.sf.jasperreports.engine.fill.JRFillDataset.setOldValues(JRFillDataset.java:1533) ~[jasperreports-6.20.6.jar:6.20.6-5c96b6aa8a39ac1dc6b6bea4b81168e16dd39231]
	at net.sf.jasperreports.engine.fill.JRFillDataset.next(JRFillDataset.java:1434) ~[jasperreports-6.20.6.jar:6.20.6-5c96b6aa8a39ac1dc6b6bea4b81168e16dd39231]
	at net.sf.jasperreports.engine.fill.JRFillDataset.next(JRFillDataset.java:1410) ~[jasperreports-6.20.6.jar:6.20.6-5c96b6aa8a39ac1dc6b6bea4b81168e16dd39231]
	at net.sf.jasperreports.engine.fill.JRBaseFiller.next(JRBaseFiller.java:1210) ~[jasperreports-6.20.6.jar:6.20.6-5c96b6aa8a39ac1dc6b6bea4b81168e16dd39231]
	at net.sf.jasperreports.engine.fill.JRVerticalFiller.fillReport(JRVerticalFiller.java:117) ~[jasperreports-6.20.6.jar:6.20.6-5c96b6aa8a39ac1dc6b6bea4b81168e16dd39231]
	at net.sf.jasperreports.engine.fill.JRBaseFiller.fill(JRBaseFiller.java:631) ~[jasperreports-6.20.6.jar:6.20.6-5c96b6aa8a39ac1dc6b6bea4b81168e16dd39231]
	at net.sf.jasperreports.engine.fill.BaseReportFiller.fill(BaseReportFiller.java:434) ~[jasperreports-6.20.6.jar:6.20.6-5c96b6aa8a39ac1dc6b6bea4b81168e16dd39231]
	at net.sf.jasperreports.engine.fill.JRFiller.fill(JRFiller.java:162) ~[jasperreports-6.20.6.jar:6.20.6-5c96b6aa8a39ac1dc6b6bea4b81168e16dd39231]
	at net.sf.jasperreports.engine.fill.JRFiller.fill(JRFiller.java:145) ~[jasperreports-6.20.6.jar:6.20.6-5c96b6aa8a39ac1dc6b6bea4b81168e16dd39231]
	at net.sf.jasperreports.engine.JasperFillManager.fill(JasperFillManager.java:758) ~[jasperreports-6.20.6.jar:6.20.6-5c96b6aa8a39ac1dc6b6bea4b81168e16dd39231]
	at net.sf.jasperreports.engine.JasperFillManager.fillReport(JasperFillManager.java:1074) ~[jasperreports-6.20.6.jar:6.20.6-5c96b6aa8a39ac1dc6b6bea4b81168e16dd39231]
	at org.example.controllers.PartitionController.getRefineryReport(PartitionController.java:295) ~[classes/:na]
	at java.base/jdk.internal.reflect.DirectMethodHandleAccessor.invoke(DirectMethodHandleAccessor.java:104) ~[na:na]
	at java.base/java.lang.reflect.Method.invoke(Method.java:578) ~[na:na]
	at org.springframework.web.method.support.InvocableHandlerMethod.doInvoke(InvocableHandlerMethod.java:207) ~[spring-web-6.0.7.jar:6.0.7]
	at org.springframework.web.method.support.InvocableHandlerMethod.invokeForRequest(InvocableHandlerMethod.java:152) ~[spring-web-6.0.7.jar:6.0.7]
	at org.springframework.web.servlet.mvc.method.annotation.ServletInvocableHandlerMethod.invokeAndHandle(ServletInvocableHandlerMethod.java:118) ~[spring-webmvc-6.0.7.jar:6.0.7]
	at org.springframework.web.servlet.mvc.method.annotation.RequestMappingHandlerAdapter.invokeHandlerMethod(RequestMappingHandlerAdapter.java:884) ~[spring-webmvc-6.0.7.jar:6.0.7]
	at org.springframework.web.servlet.mvc.method.annotation.RequestMappingHandlerAdapter.handleInternal(RequestMappingHandlerAdapter.java:797) ~[spring-webmvc-6.0.7.jar:6.0.7]
	at org.springframework.web.servlet.mvc.method.AbstractHandlerMethodAdapter.handle(AbstractHandlerMethodAdapter.java:87) ~[spring-webmvc-6.0.7.jar:6.0.7]
	at org.springframework.web.servlet.DispatcherServlet.doDispatch(DispatcherServlet.java:1081) ~[spring-webmvc-6.0.7.jar:6.0.7]
	at org.springframework.web.servlet.DispatcherServlet.doService(DispatcherServlet.java:974) ~[spring-webmvc-6.0.7.jar:6.0.7]
	at org.springframework.web.servlet.FrameworkServlet.processRequest(FrameworkServlet.java:1011) ~[spring-webmvc-6.0.7.jar:6.0.7]
	at org.springframework.web.servlet.FrameworkServlet.doGet(FrameworkServlet.java:903) ~[spring-webmvc-6.0.7.jar:6.0.7]
	at jakarta.servlet.http.HttpServlet.service(HttpServlet.java:537) ~[tomcat-embed-core-10.1.7.jar:6.0]
	at org.springframework.web.servlet.FrameworkServlet.service(FrameworkServlet.java:885) ~[spring-webmvc-6.0.7.jar:6.0.7]
	at jakarta.servlet.http.HttpServlet.service(HttpServlet.java:631) ~[tomcat-embed-core-10.1.7.jar:6.0]
	at org.apache.catalina.core.ApplicationFilterChain.internalDoFilter(ApplicationFilterChain.java:205) ~[tomcat-embed-core-10.1.7.jar:10.1.7]
	at org.apache.catalina.core.ApplicationFilterChain.doFilter(ApplicationFilterChain.java:149) ~[tomcat-embed-core-10.1.7.jar:10.1.7]
	at org.apache.tomcat.websocket.server.WsFilter.doFilter(WsFilter.java:53) ~[tomcat-embed-websocket-10.1.7.jar:10.1.7]
	at org.apache.catalina.core.ApplicationFilterChain.internalDoFilter(ApplicationFilterChain.java:174) ~[tomcat-embed-core-10.1.7.jar:10.1.7]
	at org.apache.catalina.core.ApplicationFilterChain.doFilter(ApplicationFilterChain.java:149) ~[tomcat-embed-core-10.1.7.jar:10.1.7]
	at org.example.security.CustomFilter.doFilter(CustomFilter.java:87) ~[classes/:na]
	at org.apache.catalina.core.ApplicationFilterChain.internalDoFilter(ApplicationFilterChain.java:174) ~[tomcat-embed-core-10.1.7.jar:10.1.7]
	at org.apache.catalina.core.ApplicationFilterChain.doFilter(ApplicationFilterChain.java:149) ~[tomcat-embed-core-10.1.7.jar:10.1.7]
	at org.springframework.web.filter.RequestContextFilter.doFilterInternal(RequestContextFilter.java:100) ~[spring-web-6.0.7.jar:6.0.7]
	at org.springframework.web.filter.OncePerRequestFilter.doFilter(OncePerRequestFilter.java:116) ~[spring-web-6.0.7.jar:6.0.7]
	at org.apache.catalina.core.ApplicationFilterChain.internalDoFilter(ApplicationFilterChain.java:174) ~[tomcat-embed-core-10.1.7.jar:10.1.7]
	at org.apache.catalina.core.ApplicationFilterChain.doFilter(ApplicationFilterChain.java:149) ~[tomcat-embed-core-10.1.7.jar:10.1.7]
	at org.springframework.web.filter.FormContentFilter.doFilterInternal(FormContentFilter.java:93) ~[spring-web-6.0.7.jar:6.0.7]
	at org.springframework.web.filter.OncePerRequestFilter.doFilter(OncePerRequestFilter.java:116) ~[spring-web-6.0.7.jar:6.0.7]
	at org.apache.catalina.core.ApplicationFilterChain.internalDoFilter(ApplicationFilterChain.java:174) ~[tomcat-embed-core-10.1.7.jar:10.1.7]
	at org.apache.catalina.core.ApplicationFilterChain.doFilter(ApplicationFilterChain.java:149) ~[tomcat-embed-core-10.1.7.jar:10.1.7]
	at org.springframework.web.filter.ServerHttpObservationFilter.doFilterInternal(ServerHttpObservationFilter.java:109) ~[spring-web-6.0.7.jar:6.0.7]
	at org.springframework.web.filter.OncePerRequestFilter.doFilter(OncePerRequestFilter.java:116) ~[spring-web-6.0.7.jar:6.0.7]
	at org.apache.catalina.core.ApplicationFilterChain.internalDoFilter(ApplicationFilterChain.java:174) ~[tomcat-embed-core-10.1.7.jar:10.1.7]
	at org.apache.catalina.core.ApplicationFilterChain.doFilter(ApplicationFilterChain.java:149) ~[tomcat-embed-core-10.1.7.jar:10.1.7]
	at org.springframework.web.filter.CharacterEncodingFilter.doFilterInternal(CharacterEncodingFilter.java:201) ~[spring-web-6.0.7.jar:6.0.7]
	at org.springframework.web.filter.OncePerRequestFilter.doFilter(OncePerRequestFilter.java:116) ~[spring-web-6.0.7.jar:6.0.7]
	at org.apache.catalina.core.ApplicationFilterChain.internalDoFilter(ApplicationFilterChain.java:174) ~[tomcat-embed-core-10.1.7.jar:10.1.7]
	at org.apache.catalina.core.ApplicationFilterChain.doFilter(ApplicationFilterChain.java:149) ~[tomcat-embed-core-10.1.7.jar:10.1.7]
	at org.apache.catalina.core.StandardWrapperValve.invoke(StandardWrapperValve.java:166) ~[tomcat-embed-core-10.1.7.jar:10.1.7]
	at org.apache.catalina.core.StandardContextValve.invoke(StandardContextValve.java:90) ~[tomcat-embed-core-10.1.7.jar:10.1.7]
	at org.apache.catalina.authenticator.AuthenticatorBase.invoke(AuthenticatorBase.java:493) ~[tomcat-embed-core-10.1.7.jar:10.1.7]
	at org.apache.catalina.core.StandardHostValve.invoke(StandardHostValve.java:115) ~[tomcat-embed-core-10.1.7.jar:10.1.7]
	at org.apache.catalina.valves.ErrorReportValve.invoke(ErrorReportValve.java:93) ~[tomcat-embed-core-10.1.7.jar:10.1.7]
	at org.apache.catalina.core.StandardEngineValve.invoke(StandardEngineValve.java:74) ~[tomcat-embed-core-10.1.7.jar:10.1.7]
	at org.apache.catalina.connector.CoyoteAdapter.service(CoyoteAdapter.java:341) ~[tomcat-embed-core-10.1.7.jar:10.1.7]
	at org.apache.coyote.http11.Http11Processor.service(Http11Processor.java:390) ~[tomcat-embed-core-10.1.7.jar:10.1.7]
	at org.apache.coyote.AbstractProcessorLight.process(AbstractProcessorLight.java:63) ~[tomcat-embed-core-10.1.7.jar:10.1.7]
	at org.apache.coyote.AbstractProtocol$ConnectionHandler.process(AbstractProtocol.java:894) ~[tomcat-embed-core-10.1.7.jar:10.1.7]
	at org.apache.tomcat.util.net.NioEndpoint$SocketProcessor.doRun(NioEndpoint.java:1741) ~[tomcat-embed-core-10.1.7.jar:10.1.7]
	at org.apache.tomcat.util.net.SocketProcessorBase.run(SocketProcessorBase.java:52) ~[tomcat-embed-core-10.1.7.jar:10.1.7]
	at org.apache.tomcat.util.threads.ThreadPoolExecutor.runWorker(ThreadPoolExecutor.java:1191) ~[tomcat-embed-core-10.1.7.jar:10.1.7]
	at org.apache.tomcat.util.threads.ThreadPoolExecutor$Worker.run(ThreadPoolExecutor.java:659) ~[tomcat-embed-core-10.1.7.jar:10.1.7]
	at org.apache.tomcat.util.threads.TaskThread$WrappingRunnable.run(TaskThread.java:61) ~[tomcat-embed-core-10.1.7.jar:10.1.7]
	at java.base/java.lang.Thread.run(Thread.java:1623) ~[na:na]

2025-11-26T22:36:46.658+03:00  INFO 13576 --- [SpringApplicationShutdownHook] j.LocalContainerEntityManagerFactoryBean : Closing JPA EntityManagerFactory for persistence unit 'default'
2025-11-26T22:36:46.662+03:00  INFO 13576 --- [SpringApplicationShutdownHook] com.zaxxer.hikari.HikariDataSource       : HikariPool-1 - Shutdown initiated...
2025-11-26T22:36:46.677+03:00  INFO 13576 --- [SpringApplicationShutdownHook] com.zaxxer.hikari.HikariDataSource       : HikariPool-1 - Shutdown completed.
2025-11-26T22:36:50.227+03:00  INFO 14072 --- [main] org.example.Main                         : Starting Main using Java 20 with PID 14072 (D:\fuelRefactored\FuelCleanCode\Service\target\classes started by GIGABYTE in D:\fuelRefactored\FuelCleanCode)
2025-11-26T22:36:50.231+03:00  INFO 14072 --- [main] org.example.Main                         : The following 1 profile is active: "local"
2025-11-26T22:36:52.081+03:00  INFO 14072 --- [main] .s.d.r.c.RepositoryConfigurationDelegate : Bootstrapping Spring Data JPA repositories in DEFAULT mode.
2025-11-26T22:36:52.395+03:00  INFO 14072 --- [main] .s.d.r.c.RepositoryConfigurationDelegate : Finished Spring Data repository scanning in 298 ms. Found 25 JPA repository interfaces.
2025-11-26T22:36:53.653+03:00  INFO 14072 --- [main] o.s.b.w.embedded.tomcat.TomcatWebServer  : Tomcat initialized with port(s): 9091 (http)
2025-11-26T22:36:53.666+03:00  INFO 14072 --- [main] o.apache.catalina.core.StandardService   : Starting service [Tomcat]
2025-11-26T22:36:53.666+03:00  INFO 14072 --- [main] o.apache.catalina.core.StandardEngine    : Starting Servlet engine: [Apache Tomcat/10.1.7]
2025-11-26T22:36:53.856+03:00  INFO 14072 --- [main] o.a.c.c.C.[Tomcat].[localhost].[/]       : Initializing Spring embedded WebApplicationContext
2025-11-26T22:36:53.856+03:00  INFO 14072 --- [main] w.s.c.ServletWebServerApplicationContext : Root WebApplicationContext: initialization completed in 3563 ms
2025-11-26T22:36:54.371+03:00  INFO 14072 --- [main] o.hibernate.jpa.internal.util.LogHelper  : HHH000204: Processing PersistenceUnitInfo [name: default]
2025-11-26T22:36:54.457+03:00  INFO 14072 --- [main] org.hibernate.Version                    : HHH000412: Hibernate ORM core version 6.1.7.Final
2025-11-26T22:36:54.900+03:00  INFO 14072 --- [main] com.zaxxer.hikari.HikariDataSource       : HikariPool-1 - Starting...
2025-11-26T22:36:55.143+03:00  INFO 14072 --- [main] com.zaxxer.hikari.pool.HikariPool        : HikariPool-1 - Added connection com.mysql.cj.jdbc.ConnectionImpl@16949dfa
2025-11-26T22:36:55.147+03:00  INFO 14072 --- [main] com.zaxxer.hikari.HikariDataSource       : HikariPool-1 - Start completed.
2025-11-26T22:36:55.199+03:00  WARN 14072 --- [main] org.hibernate.dialect.Dialect            : HHH000511: The 5.5.0 version for [org.hibernate.dialect.MySQLDialect] is no longer supported, hence certain features may not work properly. The minimum supported version is 5.7.0. Check the community dialects project for available legacy versions.
2025-11-26T22:36:55.205+03:00  INFO 14072 --- [main] SQL dialect                              : HHH000400: Using dialect: org.hibernate.dialect.MySQLDialect
2025-11-26T22:36:57.376+03:00  INFO 14072 --- [main] o.h.e.t.j.p.i.JtaPlatformInitiator       : HHH000490: Using JtaPlatform implementation: [org.hibernate.engine.transaction.jta.platform.internal.NoJtaPlatform]
2025-11-26T22:36:57.386+03:00  INFO 14072 --- [main] j.LocalContainerEntityManagerFactoryBean : Initialized JPA EntityManagerFactory for persistence unit 'default'
2025-11-26T22:36:58.034+03:00  WARN 14072 --- [main] ocalVariableTableParameterNameDiscoverer : Using deprecated '-debug' fallback for parameter name resolution. Compile the affected code with '-parameters' instead or avoid its introspection: org.example.repositories.ClientPaymentRepository
2025-11-26T22:36:58.622+03:00  WARN 14072 --- [main] ocalVariableTableParameterNameDiscoverer : Using deprecated '-debug' fallback for parameter name resolution. Compile the affected code with '-parameters' instead or avoid its introspection: org.example.repositories.ForfeitRepository
2025-11-26T22:36:58.670+03:00  WARN 14072 --- [main] ocalVariableTableParameterNameDiscoverer : Using deprecated '-debug' fallback for parameter name resolution. Compile the affected code with '-parameters' instead or avoid its introspection: org.example.repositories.PartitionRepository
2025-11-26T22:36:59.063+03:00  WARN 14072 --- [main] ocalVariableTableParameterNameDiscoverer : Using deprecated '-debug' fallback for parameter name resolution. Compile the affected code with '-parameters' instead or avoid its introspection: org.example.repositories.TransRepoJpa
2025-11-26T22:36:59.214+03:00  WARN 14072 --- [main] ocalVariableTableParameterNameDiscoverer : Using deprecated '-debug' fallback for parameter name resolution. Compile the affected code with '-parameters' instead or avoid its introspection: org.example.repositories.ReturnedMaterialRepository
2025-11-26T22:36:59.381+03:00  WARN 14072 --- [main] ocalVariableTableParameterNameDiscoverer : Using deprecated '-debug' fallback for parameter name resolution. Compile the affected code with '-parameters' instead or avoid its introspection: org.example.repositories.TransferMaterialRepository
2025-11-26T22:36:59.501+03:00  WARN 14072 --- [main] ocalVariableTableParameterNameDiscoverer : Using deprecated '-debug' fallback for parameter name resolution. Compile the affected code with '-parameters' instead or avoid its introspection: org.example.repositories.TransLineRepository
2025-11-26T22:36:59.543+03:00  WARN 14072 --- [main] ocalVariableTableParameterNameDiscoverer : Using deprecated '-debug' fallback for parameter name resolution. Compile the affected code with '-parameters' instead or avoid its introspection: org.example.repositories.TransLogRepository
2025-11-26T22:36:59.792+03:00  WARN 14072 --- [main] JpaBaseConfiguration$JpaWebConfiguration : spring.jpa.open-in-view is enabled by default. Therefore, database queries may be performed during view rendering. Explicitly configure spring.jpa.open-in-view to disable this warning
2025-11-26T22:37:00.688+03:00  INFO 14072 --- [main] o.s.b.a.e.web.EndpointLinksResolver      : Exposing 1 endpoint(s) beneath base path '/actuator'
2025-11-26T22:37:00.836+03:00  INFO 14072 --- [main] o.s.b.w.embedded.tomcat.TomcatWebServer  : Tomcat started on port(s): 9091 (http) with context path ''
2025-11-26T22:37:00.855+03:00  INFO 14072 --- [main] org.example.Main                         : Started Main in 11.251 seconds (process running for 12.193)
2025-11-26T22:37:16.529+03:00  INFO 14072 --- [http-nio-9091-exec-1] o.a.c.c.C.[Tomcat].[localhost].[/]       : Initializing Spring DispatcherServlet 'dispatcherServlet'
2025-11-26T22:37:16.530+03:00  INFO 14072 --- [http-nio-9091-exec-1] o.s.web.servlet.DispatcherServlet        : Initializing Servlet 'dispatcherServlet'
2025-11-26T22:37:16.535+03:00  INFO 14072 --- [http-nio-9091-exec-1] o.s.web.servlet.DispatcherServlet        : Completed initialization in 4 ms
2025-11-26T22:37:16.941+03:00  WARN 14072 --- [http-nio-9091-exec-1] org.example.security.CustomFilter        : /api/v1/partition/RefineryReport/HTML/3/2025-09-01/2025-11-26/NORMAL
2025-11-26T22:37:17.112+03:00  WARN 14072 --- [http-nio-9091-exec-1] org.example.security.CustomFilter        : /api/v1/partition/RefineryReport/HTML/3/2025-09-01/2025-11-26/NORMAL headers org.apache.tomcat.util.http.ValuesEnumerator@3bfde029
2025-11-26T22:37:17.154+03:00  WARN 14072 --- [http-nio-9091-exec-1] ocalVariableTableParameterNameDiscoverer : Using deprecated '-debug' fallback for parameter name resolution. Compile the affected code with '-parameters' instead or avoid its introspection: org.example.controllers.PartitionController
2025-11-26T22:37:28.208+03:00 ERROR 14072 --- [http-nio-9091-exec-1] o.a.c.c.C.[.[.[/].[dispatcherServlet]    : Servlet.service() for servlet [dispatcherServlet] in context with path [] threw exception [Request processing failed: java.lang.RuntimeException: net.sf.jasperreports.engine.design.JRValidationException: Report design not valid : 
	 1. Field not found : transportationEntity.transLogs] with root cause

net.sf.jasperreports.engine.design.JRValidationException: Report design not valid : 
	 1. Field not found : transportationEntity.transLogs
	at net.sf.jasperreports.engine.design.JRAbstractCompiler.verifyDesign(JRAbstractCompiler.java:319) ~[jasperreports-6.20.6.jar:6.20.6-5c96b6aa8a39ac1dc6b6bea4b81168e16dd39231]
	at net.sf.jasperreports.engine.design.JRAbstractCompiler.compileReport(JRAbstractCompiler.java:176) ~[jasperreports-6.20.6.jar:6.20.6-5c96b6aa8a39ac1dc6b6bea4b81168e16dd39231]
	at net.sf.jasperreports.engine.JasperCompileManager.compile(JasperCompileManager.java:358) ~[jasperreports-6.20.6.jar:6.20.6-5c96b6aa8a39ac1dc6b6bea4b81168e16dd39231]
	at net.sf.jasperreports.engine.JasperCompileManager.compile(JasperCompileManager.java:344) ~[jasperreports-6.20.6.jar:6.20.6-5c96b6aa8a39ac1dc6b6bea4b81168e16dd39231]
	at net.sf.jasperreports.engine.JasperCompileManager.compileReport(JasperCompileManager.java:609) ~[jasperreports-6.20.6.jar:6.20.6-5c96b6aa8a39ac1dc6b6bea4b81168e16dd39231]
	at org.example.controllers.PartitionController.getRefineryReport(PartitionController.java:294) ~[classes/:na]
	at java.base/jdk.internal.reflect.DirectMethodHandleAccessor.invoke(DirectMethodHandleAccessor.java:104) ~[na:na]
	at java.base/java.lang.reflect.Method.invoke(Method.java:578) ~[na:na]
	at org.springframework.web.method.support.InvocableHandlerMethod.doInvoke(InvocableHandlerMethod.java:207) ~[spring-web-6.0.7.jar:6.0.7]
	at org.springframework.web.method.support.InvocableHandlerMethod.invokeForRequest(InvocableHandlerMethod.java:152) ~[spring-web-6.0.7.jar:6.0.7]
	at org.springframework.web.servlet.mvc.method.annotation.ServletInvocableHandlerMethod.invokeAndHandle(ServletInvocableHandlerMethod.java:118) ~[spring-webmvc-6.0.7.jar:6.0.7]
	at org.springframework.web.servlet.mvc.method.annotation.RequestMappingHandlerAdapter.invokeHandlerMethod(RequestMappingHandlerAdapter.java:884) ~[spring-webmvc-6.0.7.jar:6.0.7]
	at org.springframework.web.servlet.mvc.method.annotation.RequestMappingHandlerAdapter.handleInternal(RequestMappingHandlerAdapter.java:797) ~[spring-webmvc-6.0.7.jar:6.0.7]
	at org.springframework.web.servlet.mvc.method.AbstractHandlerMethodAdapter.handle(AbstractHandlerMethodAdapter.java:87) ~[spring-webmvc-6.0.7.jar:6.0.7]
	at org.springframework.web.servlet.DispatcherServlet.doDispatch(DispatcherServlet.java:1081) ~[spring-webmvc-6.0.7.jar:6.0.7]
	at org.springframework.web.servlet.DispatcherServlet.doService(DispatcherServlet.java:974) ~[spring-webmvc-6.0.7.jar:6.0.7]
	at org.springframework.web.servlet.FrameworkServlet.processRequest(FrameworkServlet.java:1011) ~[spring-webmvc-6.0.7.jar:6.0.7]
	at org.springframework.web.servlet.FrameworkServlet.doGet(FrameworkServlet.java:903) ~[spring-webmvc-6.0.7.jar:6.0.7]
	at jakarta.servlet.http.HttpServlet.service(HttpServlet.java:537) ~[tomcat-embed-core-10.1.7.jar:6.0]
	at org.springframework.web.servlet.FrameworkServlet.service(FrameworkServlet.java:885) ~[spring-webmvc-6.0.7.jar:6.0.7]
	at jakarta.servlet.http.HttpServlet.service(HttpServlet.java:631) ~[tomcat-embed-core-10.1.7.jar:6.0]
	at org.apache.catalina.core.ApplicationFilterChain.internalDoFilter(ApplicationFilterChain.java:205) ~[tomcat-embed-core-10.1.7.jar:10.1.7]
	at org.apache.catalina.core.ApplicationFilterChain.doFilter(ApplicationFilterChain.java:149) ~[tomcat-embed-core-10.1.7.jar:10.1.7]
	at org.apache.tomcat.websocket.server.WsFilter.doFilter(WsFilter.java:53) ~[tomcat-embed-websocket-10.1.7.jar:10.1.7]
	at org.apache.catalina.core.ApplicationFilterChain.internalDoFilter(ApplicationFilterChain.java:174) ~[tomcat-embed-core-10.1.7.jar:10.1.7]
	at org.apache.catalina.core.ApplicationFilterChain.doFilter(ApplicationFilterChain.java:149) ~[tomcat-embed-core-10.1.7.jar:10.1.7]
	at org.example.security.CustomFilter.doFilter(CustomFilter.java:87) ~[classes/:na]
	at org.apache.catalina.core.ApplicationFilterChain.internalDoFilter(ApplicationFilterChain.java:174) ~[tomcat-embed-core-10.1.7.jar:10.1.7]
	at org.apache.catalina.core.ApplicationFilterChain.doFilter(ApplicationFilterChain.java:149) ~[tomcat-embed-core-10.1.7.jar:10.1.7]
	at org.springframework.web.filter.RequestContextFilter.doFilterInternal(RequestContextFilter.java:100) ~[spring-web-6.0.7.jar:6.0.7]
	at org.springframework.web.filter.OncePerRequestFilter.doFilter(OncePerRequestFilter.java:116) ~[spring-web-6.0.7.jar:6.0.7]
	at org.apache.catalina.core.ApplicationFilterChain.internalDoFilter(ApplicationFilterChain.java:174) ~[tomcat-embed-core-10.1.7.jar:10.1.7]
	at org.apache.catalina.core.ApplicationFilterChain.doFilter(ApplicationFilterChain.java:149) ~[tomcat-embed-core-10.1.7.jar:10.1.7]
	at org.springframework.web.filter.FormContentFilter.doFilterInternal(FormContentFilter.java:93) ~[spring-web-6.0.7.jar:6.0.7]
	at org.springframework.web.filter.OncePerRequestFilter.doFilter(OncePerRequestFilter.java:116) ~[spring-web-6.0.7.jar:6.0.7]
	at org.apache.catalina.core.ApplicationFilterChain.internalDoFilter(ApplicationFilterChain.java:174) ~[tomcat-embed-core-10.1.7.jar:10.1.7]
	at org.apache.catalina.core.ApplicationFilterChain.doFilter(ApplicationFilterChain.java:149) ~[tomcat-embed-core-10.1.7.jar:10.1.7]
	at org.springframework.web.filter.ServerHttpObservationFilter.doFilterInternal(ServerHttpObservationFilter.java:109) ~[spring-web-6.0.7.jar:6.0.7]
	at org.springframework.web.filter.OncePerRequestFilter.doFilter(OncePerRequestFilter.java:116) ~[spring-web-6.0.7.jar:6.0.7]
	at org.apache.catalina.core.ApplicationFilterChain.internalDoFilter(ApplicationFilterChain.java:174) ~[tomcat-embed-core-10.1.7.jar:10.1.7]
	at org.apache.catalina.core.ApplicationFilterChain.doFilter(ApplicationFilterChain.java:149) ~[tomcat-embed-core-10.1.7.jar:10.1.7]
	at org.springframework.web.filter.CharacterEncodingFilter.doFilterInternal(CharacterEncodingFilter.java:201) ~[spring-web-6.0.7.jar:6.0.7]
	at org.springframework.web.filter.OncePerRequestFilter.doFilter(OncePerRequestFilter.java:116) ~[spring-web-6.0.7.jar:6.0.7]
	at org.apache.catalina.core.ApplicationFilterChain.internalDoFilter(ApplicationFilterChain.java:174) ~[tomcat-embed-core-10.1.7.jar:10.1.7]
	at org.apache.catalina.core.ApplicationFilterChain.doFilter(ApplicationFilterChain.java:149) ~[tomcat-embed-core-10.1.7.jar:10.1.7]
	at org.apache.catalina.core.StandardWrapperValve.invoke(StandardWrapperValve.java:166) ~[tomcat-embed-core-10.1.7.jar:10.1.7]
	at org.apache.catalina.core.StandardContextValve.invoke(StandardContextValve.java:90) ~[tomcat-embed-core-10.1.7.jar:10.1.7]
	at org.apache.catalina.authenticator.AuthenticatorBase.invoke(AuthenticatorBase.java:493) ~[tomcat-embed-core-10.1.7.jar:10.1.7]
	at org.apache.catalina.core.StandardHostValve.invoke(StandardHostValve.java:115) ~[tomcat-embed-core-10.1.7.jar:10.1.7]
	at org.apache.catalina.valves.ErrorReportValve.invoke(ErrorReportValve.java:93) ~[tomcat-embed-core-10.1.7.jar:10.1.7]
	at org.apache.catalina.core.StandardEngineValve.invoke(StandardEngineValve.java:74) ~[tomcat-embed-core-10.1.7.jar:10.1.7]
	at org.apache.catalina.connector.CoyoteAdapter.service(CoyoteAdapter.java:341) ~[tomcat-embed-core-10.1.7.jar:10.1.7]
	at org.apache.coyote.http11.Http11Processor.service(Http11Processor.java:390) ~[tomcat-embed-core-10.1.7.jar:10.1.7]
	at org.apache.coyote.AbstractProcessorLight.process(AbstractProcessorLight.java:63) ~[tomcat-embed-core-10.1.7.jar:10.1.7]
	at org.apache.coyote.AbstractProtocol$ConnectionHandler.process(AbstractProtocol.java:894) ~[tomcat-embed-core-10.1.7.jar:10.1.7]
	at org.apache.tomcat.util.net.NioEndpoint$SocketProcessor.doRun(NioEndpoint.java:1741) ~[tomcat-embed-core-10.1.7.jar:10.1.7]
	at org.apache.tomcat.util.net.SocketProcessorBase.run(SocketProcessorBase.java:52) ~[tomcat-embed-core-10.1.7.jar:10.1.7]
	at org.apache.tomcat.util.threads.ThreadPoolExecutor.runWorker(ThreadPoolExecutor.java:1191) ~[tomcat-embed-core-10.1.7.jar:10.1.7]
	at org.apache.tomcat.util.threads.ThreadPoolExecutor$Worker.run(ThreadPoolExecutor.java:659) ~[tomcat-embed-core-10.1.7.jar:10.1.7]
	at org.apache.tomcat.util.threads.TaskThread$WrappingRunnable.run(TaskThread.java:61) ~[tomcat-embed-core-10.1.7.jar:10.1.7]
	at java.base/java.lang.Thread.run(Thread.java:1623) ~[na:na]

2025-11-26T22:42:12.120+03:00  INFO 14072 --- [SpringApplicationShutdownHook] j.LocalContainerEntityManagerFactoryBean : Closing JPA EntityManagerFactory for persistence unit 'default'
2025-11-26T22:42:12.131+03:00  INFO 14072 --- [SpringApplicationShutdownHook] com.zaxxer.hikari.HikariDataSource       : HikariPool-1 - Shutdown initiated...
2025-11-26T22:42:12.169+03:00  INFO 14072 --- [SpringApplicationShutdownHook] com.zaxxer.hikari.HikariDataSource       : HikariPool-1 - Shutdown completed.
2025-11-26T22:42:15.626+03:00  INFO 11324 --- [main] org.example.Main                         : Starting Main using Java 20 with PID 11324 (D:\fuelRefactored\FuelCleanCode\Service\target\classes started by GIGABYTE in D:\fuelRefactored\FuelCleanCode)
2025-11-26T22:42:15.628+03:00  INFO 11324 --- [main] org.example.Main                         : The following 1 profile is active: "local"
2025-11-26T22:42:17.441+03:00  INFO 11324 --- [main] .s.d.r.c.RepositoryConfigurationDelegate : Bootstrapping Spring Data JPA repositories in DEFAULT mode.
2025-11-26T22:42:17.772+03:00  INFO 11324 --- [main] .s.d.r.c.RepositoryConfigurationDelegate : Finished Spring Data repository scanning in 315 ms. Found 25 JPA repository interfaces.
2025-11-26T22:42:18.900+03:00  INFO 11324 --- [main] o.s.b.w.embedded.tomcat.TomcatWebServer  : Tomcat initialized with port(s): 9091 (http)
2025-11-26T22:42:18.915+03:00  INFO 11324 --- [main] o.apache.catalina.core.StandardService   : Starting service [Tomcat]
2025-11-26T22:42:18.915+03:00  INFO 11324 --- [main] o.apache.catalina.core.StandardEngine    : Starting Servlet engine: [Apache Tomcat/10.1.7]
2025-11-26T22:42:19.091+03:00  INFO 11324 --- [main] o.a.c.c.C.[Tomcat].[localhost].[/]       : Initializing Spring embedded WebApplicationContext
2025-11-26T22:42:19.091+03:00  INFO 11324 --- [main] w.s.c.ServletWebServerApplicationContext : Root WebApplicationContext: initialization completed in 3395 ms
2025-11-26T22:42:19.589+03:00  INFO 11324 --- [main] o.hibernate.jpa.internal.util.LogHelper  : HHH000204: Processing PersistenceUnitInfo [name: default]
2025-11-26T22:42:19.670+03:00  INFO 11324 --- [main] org.hibernate.Version                    : HHH000412: Hibernate ORM core version 6.1.7.Final
2025-11-26T22:42:20.101+03:00  INFO 11324 --- [main] com.zaxxer.hikari.HikariDataSource       : HikariPool-1 - Starting...
2025-11-26T22:42:20.343+03:00  INFO 11324 --- [main] com.zaxxer.hikari.pool.HikariPool        : HikariPool-1 - Added connection com.mysql.cj.jdbc.ConnectionImpl@2a2798a2
2025-11-26T22:42:20.345+03:00  INFO 11324 --- [main] com.zaxxer.hikari.HikariDataSource       : HikariPool-1 - Start completed.
2025-11-26T22:42:20.397+03:00  WARN 11324 --- [main] org.hibernate.dialect.Dialect            : HHH000511: The 5.5.0 version for [org.hibernate.dialect.MySQLDialect] is no longer supported, hence certain features may not work properly. The minimum supported version is 5.7.0. Check the community dialects project for available legacy versions.
2025-11-26T22:42:20.403+03:00  INFO 11324 --- [main] SQL dialect                              : HHH000400: Using dialect: org.hibernate.dialect.MySQLDialect
2025-11-26T22:42:22.311+03:00  INFO 11324 --- [main] o.h.e.t.j.p.i.JtaPlatformInitiator       : HHH000490: Using JtaPlatform implementation: [org.hibernate.engine.transaction.jta.platform.internal.NoJtaPlatform]
2025-11-26T22:42:22.321+03:00  INFO 11324 --- [main] j.LocalContainerEntityManagerFactoryBean : Initialized JPA EntityManagerFactory for persistence unit 'default'
2025-11-26T22:42:22.952+03:00  WARN 11324 --- [main] ocalVariableTableParameterNameDiscoverer : Using deprecated '-debug' fallback for parameter name resolution. Compile the affected code with '-parameters' instead or avoid its introspection: org.example.repositories.ClientPaymentRepository
2025-11-26T22:42:23.507+03:00  WARN 11324 --- [main] ocalVariableTableParameterNameDiscoverer : Using deprecated '-debug' fallback for parameter name resolution. Compile the affected code with '-parameters' instead or avoid its introspection: org.example.repositories.ForfeitRepository
2025-11-26T22:42:23.563+03:00  WARN 11324 --- [main] ocalVariableTableParameterNameDiscoverer : Using deprecated '-debug' fallback for parameter name resolution. Compile the affected code with '-parameters' instead or avoid its introspection: org.example.repositories.PartitionRepository
2025-11-26T22:42:23.931+03:00  WARN 11324 --- [main] ocalVariableTableParameterNameDiscoverer : Using deprecated '-debug' fallback for parameter name resolution. Compile the affected code with '-parameters' instead or avoid its introspection: org.example.repositories.TransRepoJpa
2025-11-26T22:42:24.092+03:00  WARN 11324 --- [main] ocalVariableTableParameterNameDiscoverer : Using deprecated '-debug' fallback for parameter name resolution. Compile the affected code with '-parameters' instead or avoid its introspection: org.example.repositories.ReturnedMaterialRepository
2025-11-26T22:42:24.287+03:00  WARN 11324 --- [main] ocalVariableTableParameterNameDiscoverer : Using deprecated '-debug' fallback for parameter name resolution. Compile the affected code with '-parameters' instead or avoid its introspection: org.example.repositories.TransferMaterialRepository
2025-11-26T22:42:24.388+03:00  WARN 11324 --- [main] ocalVariableTableParameterNameDiscoverer : Using deprecated '-debug' fallback for parameter name resolution. Compile the affected code with '-parameters' instead or avoid its introspection: org.example.repositories.TransLineRepository
2025-11-26T22:42:24.425+03:00  WARN 11324 --- [main] ocalVariableTableParameterNameDiscoverer : Using deprecated '-debug' fallback for parameter name resolution. Compile the affected code with '-parameters' instead or avoid its introspection: org.example.repositories.TransLogRepository
2025-11-26T22:42:24.720+03:00  WARN 11324 --- [main] JpaBaseConfiguration$JpaWebConfiguration : spring.jpa.open-in-view is enabled by default. Therefore, database queries may be performed during view rendering. Explicitly configure spring.jpa.open-in-view to disable this warning
2025-11-26T22:42:25.699+03:00  INFO 11324 --- [main] o.s.b.a.e.web.EndpointLinksResolver      : Exposing 1 endpoint(s) beneath base path '/actuator'
2025-11-26T22:42:25.815+03:00  INFO 11324 --- [main] o.s.b.w.embedded.tomcat.TomcatWebServer  : Tomcat started on port(s): 9091 (http) with context path ''
2025-11-26T22:42:25.835+03:00  INFO 11324 --- [main] org.example.Main                         : Started Main in 10.9 seconds (process running for 11.72)
2025-11-26T22:42:46.126+03:00  INFO 11324 --- [http-nio-9091-exec-1] o.a.c.c.C.[Tomcat].[localhost].[/]       : Initializing Spring DispatcherServlet 'dispatcherServlet'
2025-11-26T22:42:46.126+03:00  INFO 11324 --- [http-nio-9091-exec-1] o.s.web.servlet.DispatcherServlet        : Initializing Servlet 'dispatcherServlet'
2025-11-26T22:42:46.128+03:00  INFO 11324 --- [http-nio-9091-exec-1] o.s.web.servlet.DispatcherServlet        : Completed initialization in 1 ms
2025-11-26T22:42:46.398+03:00  WARN 11324 --- [http-nio-9091-exec-1] org.example.security.CustomFilter        : /api/v1/partition/RefineryReport/HTML/3/2025-09-01/2025-11-26/NORMAL
2025-11-26T22:42:46.637+03:00  WARN 11324 --- [http-nio-9091-exec-1] org.example.security.CustomFilter        : /api/v1/partition/RefineryReport/HTML/3/2025-09-01/2025-11-26/NORMAL headers org.apache.tomcat.util.http.ValuesEnumerator@42c08639
2025-11-26T22:42:46.684+03:00  WARN 11324 --- [http-nio-9091-exec-1] ocalVariableTableParameterNameDiscoverer : Using deprecated '-debug' fallback for parameter name resolution. Compile the affected code with '-parameters' instead or avoid its introspection: org.example.controllers.PartitionController
2025-11-26T22:42:55.855+03:00 ERROR 11324 --- [http-nio-9091-exec-1] o.a.c.c.C.[.[.[/].[dispatcherServlet]    : Servlet.service() for servlet [dispatcherServlet] in context with path [] threw exception [Request processing failed: java.lang.RuntimeException: net.sf.jasperreports.engine.JRException: Errors were encountered when compiling report expressions class file:
1. notes cannot be resolved or is not a field
                value = ((java.lang.String)field_gasStation46translation.getValue())+"-"+((java.util.Set)field_transportationEntity46transLogs.getValue()).iterator().next().notes; //$JR_EXPR_ID=17$
                                                                                                                                                                             <--->
2. notes cannot be resolved or is not a field
                value = ((java.lang.String)field_gasStation46translation.getOldValue())+"-"+((java.util.Set)field_transportationEntity46transLogs.getOldValue()).iterator().next().notes; //$JR_EXPR_ID=17$
                                                                                                                                                                                   <--->
3. notes cannot be resolved or is not a field
                value = ((java.lang.String)field_gasStation46translation.getValue())+"-"+((java.util.Set)field_transportationEntity46transLogs.getValue()).iterator().next().notes; //$JR_EXPR_ID=17$
                                                                                                                                                                             <--->
3 errors
.] with root cause

net.sf.jasperreports.engine.JRException: Errors were encountered when compiling report expressions class file:
1. notes cannot be resolved or is not a field
                value = ((java.lang.String)field_gasStation46translation.getValue())+"-"+((java.util.Set)field_transportationEntity46transLogs.getValue()).iterator().next().notes; //$JR_EXPR_ID=17$
                                                                                                                                                                             <--->
2. notes cannot be resolved or is not a field
                value = ((java.lang.String)field_gasStation46translation.getOldValue())+"-"+((java.util.Set)field_transportationEntity46transLogs.getOldValue()).iterator().next().notes; //$JR_EXPR_ID=17$
                                                                                                                                                                                   <--->
3. notes cannot be resolved or is not a field
                value = ((java.lang.String)field_gasStation46translation.getValue())+"-"+((java.util.Set)field_transportationEntity46transLogs.getValue()).iterator().next().notes; //$JR_EXPR_ID=17$
                                                                                                                                                                             <--->
3 errors
.
	at net.sf.jasperreports.engine.design.JRAbstractCompiler.compileReport(JRAbstractCompiler.java:234) ~[jasperreports-6.20.6.jar:6.20.6-5c96b6aa8a39ac1dc6b6bea4b81168e16dd39231]
	at net.sf.jasperreports.engine.JasperCompileManager.compile(JasperCompileManager.java:358) ~[jasperreports-6.20.6.jar:6.20.6-5c96b6aa8a39ac1dc6b6bea4b81168e16dd39231]
	at net.sf.jasperreports.engine.JasperCompileManager.compile(JasperCompileManager.java:344) ~[jasperreports-6.20.6.jar:6.20.6-5c96b6aa8a39ac1dc6b6bea4b81168e16dd39231]
	at net.sf.jasperreports.engine.JasperCompileManager.compileReport(JasperCompileManager.java:609) ~[jasperreports-6.20.6.jar:6.20.6-5c96b6aa8a39ac1dc6b6bea4b81168e16dd39231]
	at org.example.controllers.PartitionController.getRefineryReport(PartitionController.java:294) ~[classes/:na]
	at java.base/jdk.internal.reflect.DirectMethodHandleAccessor.invoke(DirectMethodHandleAccessor.java:104) ~[na:na]
	at java.base/java.lang.reflect.Method.invoke(Method.java:578) ~[na:na]
	at org.springframework.web.method.support.InvocableHandlerMethod.doInvoke(InvocableHandlerMethod.java:207) ~[spring-web-6.0.7.jar:6.0.7]
	at org.springframework.web.method.support.InvocableHandlerMethod.invokeForRequest(InvocableHandlerMethod.java:152) ~[spring-web-6.0.7.jar:6.0.7]
	at org.springframework.web.servlet.mvc.method.annotation.ServletInvocableHandlerMethod.invokeAndHandle(ServletInvocableHandlerMethod.java:118) ~[spring-webmvc-6.0.7.jar:6.0.7]
	at org.springframework.web.servlet.mvc.method.annotation.RequestMappingHandlerAdapter.invokeHandlerMethod(RequestMappingHandlerAdapter.java:884) ~[spring-webmvc-6.0.7.jar:6.0.7]
	at org.springframework.web.servlet.mvc.method.annotation.RequestMappingHandlerAdapter.handleInternal(RequestMappingHandlerAdapter.java:797) ~[spring-webmvc-6.0.7.jar:6.0.7]
	at org.springframework.web.servlet.mvc.method.AbstractHandlerMethodAdapter.handle(AbstractHandlerMethodAdapter.java:87) ~[spring-webmvc-6.0.7.jar:6.0.7]
	at org.springframework.web.servlet.DispatcherServlet.doDispatch(DispatcherServlet.java:1081) ~[spring-webmvc-6.0.7.jar:6.0.7]
	at org.springframework.web.servlet.DispatcherServlet.doService(DispatcherServlet.java:974) ~[spring-webmvc-6.0.7.jar:6.0.7]
	at org.springframework.web.servlet.FrameworkServlet.processRequest(FrameworkServlet.java:1011) ~[spring-webmvc-6.0.7.jar:6.0.7]
	at org.springframework.web.servlet.FrameworkServlet.doGet(FrameworkServlet.java:903) ~[spring-webmvc-6.0.7.jar:6.0.7]
	at jakarta.servlet.http.HttpServlet.service(HttpServlet.java:537) ~[tomcat-embed-core-10.1.7.jar:6.0]
	at org.springframework.web.servlet.FrameworkServlet.service(FrameworkServlet.java:885) ~[spring-webmvc-6.0.7.jar:6.0.7]
	at jakarta.servlet.http.HttpServlet.service(HttpServlet.java:631) ~[tomcat-embed-core-10.1.7.jar:6.0]
	at org.apache.catalina.core.ApplicationFilterChain.internalDoFilter(ApplicationFilterChain.java:205) ~[tomcat-embed-core-10.1.7.jar:10.1.7]
	at org.apache.catalina.core.ApplicationFilterChain.doFilter(ApplicationFilterChain.java:149) ~[tomcat-embed-core-10.1.7.jar:10.1.7]
	at org.apache.tomcat.websocket.server.WsFilter.doFilter(WsFilter.java:53) ~[tomcat-embed-websocket-10.1.7.jar:10.1.7]
	at org.apache.catalina.core.ApplicationFilterChain.internalDoFilter(ApplicationFilterChain.java:174) ~[tomcat-embed-core-10.1.7.jar:10.1.7]
	at org.apache.catalina.core.ApplicationFilterChain.doFilter(ApplicationFilterChain.java:149) ~[tomcat-embed-core-10.1.7.jar:10.1.7]
	at org.example.security.CustomFilter.doFilter(CustomFilter.java:87) ~[classes/:na]
	at org.apache.catalina.core.ApplicationFilterChain.internalDoFilter(ApplicationFilterChain.java:174) ~[tomcat-embed-core-10.1.7.jar:10.1.7]
	at org.apache.catalina.core.ApplicationFilterChain.doFilter(ApplicationFilterChain.java:149) ~[tomcat-embed-core-10.1.7.jar:10.1.7]
	at org.springframework.web.filter.RequestContextFilter.doFilterInternal(RequestContextFilter.java:100) ~[spring-web-6.0.7.jar:6.0.7]
	at org.springframework.web.filter.OncePerRequestFilter.doFilter(OncePerRequestFilter.java:116) ~[spring-web-6.0.7.jar:6.0.7]
	at org.apache.catalina.core.ApplicationFilterChain.internalDoFilter(ApplicationFilterChain.java:174) ~[tomcat-embed-core-10.1.7.jar:10.1.7]
	at org.apache.catalina.core.ApplicationFilterChain.doFilter(ApplicationFilterChain.java:149) ~[tomcat-embed-core-10.1.7.jar:10.1.7]
	at org.springframework.web.filter.FormContentFilter.doFilterInternal(FormContentFilter.java:93) ~[spring-web-6.0.7.jar:6.0.7]
	at org.springframework.web.filter.OncePerRequestFilter.doFilter(OncePerRequestFilter.java:116) ~[spring-web-6.0.7.jar:6.0.7]
	at org.apache.catalina.core.ApplicationFilterChain.internalDoFilter(ApplicationFilterChain.java:174) ~[tomcat-embed-core-10.1.7.jar:10.1.7]
	at org.apache.catalina.core.ApplicationFilterChain.doFilter(ApplicationFilterChain.java:149) ~[tomcat-embed-core-10.1.7.jar:10.1.7]
	at org.springframework.web.filter.ServerHttpObservationFilter.doFilterInternal(ServerHttpObservationFilter.java:109) ~[spring-web-6.0.7.jar:6.0.7]
	at org.springframework.web.filter.OncePerRequestFilter.doFilter(OncePerRequestFilter.java:116) ~[spring-web-6.0.7.jar:6.0.7]
	at org.apache.catalina.core.ApplicationFilterChain.internalDoFilter(ApplicationFilterChain.java:174) ~[tomcat-embed-core-10.1.7.jar:10.1.7]
	at org.apache.catalina.core.ApplicationFilterChain.doFilter(ApplicationFilterChain.java:149) ~[tomcat-embed-core-10.1.7.jar:10.1.7]
	at org.springframework.web.filter.CharacterEncodingFilter.doFilterInternal(CharacterEncodingFilter.java:201) ~[spring-web-6.0.7.jar:6.0.7]
	at org.springframework.web.filter.OncePerRequestFilter.doFilter(OncePerRequestFilter.java:116) ~[spring-web-6.0.7.jar:6.0.7]
	at org.apache.catalina.core.ApplicationFilterChain.internalDoFilter(ApplicationFilterChain.java:174) ~[tomcat-embed-core-10.1.7.jar:10.1.7]
	at org.apache.catalina.core.ApplicationFilterChain.doFilter(ApplicationFilterChain.java:149) ~[tomcat-embed-core-10.1.7.jar:10.1.7]
	at org.apache.catalina.core.StandardWrapperValve.invoke(StandardWrapperValve.java:166) ~[tomcat-embed-core-10.1.7.jar:10.1.7]
	at org.apache.catalina.core.StandardContextValve.invoke(StandardContextValve.java:90) ~[tomcat-embed-core-10.1.7.jar:10.1.7]
	at org.apache.catalina.authenticator.AuthenticatorBase.invoke(AuthenticatorBase.java:493) ~[tomcat-embed-core-10.1.7.jar:10.1.7]
	at org.apache.catalina.core.StandardHostValve.invoke(StandardHostValve.java:115) ~[tomcat-embed-core-10.1.7.jar:10.1.7]
	at org.apache.catalina.valves.ErrorReportValve.invoke(ErrorReportValve.java:93) ~[tomcat-embed-core-10.1.7.jar:10.1.7]
	at org.apache.catalina.core.StandardEngineValve.invoke(StandardEngineValve.java:74) ~[tomcat-embed-core-10.1.7.jar:10.1.7]
	at org.apache.catalina.connector.CoyoteAdapter.service(CoyoteAdapter.java:341) ~[tomcat-embed-core-10.1.7.jar:10.1.7]
	at org.apache.coyote.http11.Http11Processor.service(Http11Processor.java:390) ~[tomcat-embed-core-10.1.7.jar:10.1.7]
	at org.apache.coyote.AbstractProcessorLight.process(AbstractProcessorLight.java:63) ~[tomcat-embed-core-10.1.7.jar:10.1.7]
	at org.apache.coyote.AbstractProtocol$ConnectionHandler.process(AbstractProtocol.java:894) ~[tomcat-embed-core-10.1.7.jar:10.1.7]
	at org.apache.tomcat.util.net.NioEndpoint$SocketProcessor.doRun(NioEndpoint.java:1741) ~[tomcat-embed-core-10.1.7.jar:10.1.7]
	at org.apache.tomcat.util.net.SocketProcessorBase.run(SocketProcessorBase.java:52) ~[tomcat-embed-core-10.1.7.jar:10.1.7]
	at org.apache.tomcat.util.threads.ThreadPoolExecutor.runWorker(ThreadPoolExecutor.java:1191) ~[tomcat-embed-core-10.1.7.jar:10.1.7]
	at org.apache.tomcat.util.threads.ThreadPoolExecutor$Worker.run(ThreadPoolExecutor.java:659) ~[tomcat-embed-core-10.1.7.jar:10.1.7]
	at org.apache.tomcat.util.threads.TaskThread$WrappingRunnable.run(TaskThread.java:61) ~[tomcat-embed-core-10.1.7.jar:10.1.7]
	at java.base/java.lang.Thread.run(Thread.java:1623) ~[na:na]

2025-11-26T22:47:14.236+03:00  INFO 11324 --- [SpringApplicationShutdownHook] j.LocalContainerEntityManagerFactoryBean : Closing JPA EntityManagerFactory for persistence unit 'default'
2025-11-26T22:47:14.239+03:00  INFO 11324 --- [SpringApplicationShutdownHook] com.zaxxer.hikari.HikariDataSource       : HikariPool-1 - Shutdown initiated...
2025-11-26T22:47:14.248+03:00  INFO 11324 --- [SpringApplicationShutdownHook] com.zaxxer.hikari.HikariDataSource       : HikariPool-1 - Shutdown completed.
2025-11-26T22:47:17.383+03:00  INFO 21044 --- [main] org.example.Main                         : Starting Main using Java 20 with PID 21044 (D:\fuelRefactored\FuelCleanCode\Service\target\classes started by GIGABYTE in D:\fuelRefactored\FuelCleanCode)
2025-11-26T22:47:17.479+03:00  INFO 21044 --- [main] org.example.Main                         : The following 1 profile is active: "local"
2025-11-26T22:47:19.368+03:00  INFO 21044 --- [main] .s.d.r.c.RepositoryConfigurationDelegate : Bootstrapping Spring Data JPA repositories in DEFAULT mode.
2025-11-26T22:47:19.646+03:00  INFO 21044 --- [main] .s.d.r.c.RepositoryConfigurationDelegate : Finished Spring Data repository scanning in 269 ms. Found 25 JPA repository interfaces.
2025-11-26T22:47:20.776+03:00  INFO 21044 --- [main] o.s.b.w.embedded.tomcat.TomcatWebServer  : Tomcat initialized with port(s): 9091 (http)
2025-11-26T22:47:20.791+03:00  INFO 21044 --- [main] o.apache.catalina.core.StandardService   : Starting service [Tomcat]
2025-11-26T22:47:20.791+03:00  INFO 21044 --- [main] o.apache.catalina.core.StandardEngine    : Starting Servlet engine: [Apache Tomcat/10.1.7]
2025-11-26T22:47:21.014+03:00  INFO 21044 --- [main] o.a.c.c.C.[Tomcat].[localhost].[/]       : Initializing Spring embedded WebApplicationContext
2025-11-26T22:47:21.015+03:00  INFO 21044 --- [main] w.s.c.ServletWebServerApplicationContext : Root WebApplicationContext: initialization completed in 3445 ms
2025-11-26T22:47:21.535+03:00  INFO 21044 --- [main] o.hibernate.jpa.internal.util.LogHelper  : HHH000204: Processing PersistenceUnitInfo [name: default]
2025-11-26T22:47:21.847+03:00  INFO 21044 --- [main] org.hibernate.Version                    : HHH000412: Hibernate ORM core version 6.1.7.Final
2025-11-26T22:47:22.247+03:00  INFO 21044 --- [main] com.zaxxer.hikari.HikariDataSource       : HikariPool-1 - Starting...
2025-11-26T22:47:22.485+03:00  INFO 21044 --- [main] com.zaxxer.hikari.pool.HikariPool        : HikariPool-1 - Added connection com.mysql.cj.jdbc.ConnectionImpl@3ec7ad61
2025-11-26T22:47:22.488+03:00  INFO 21044 --- [main] com.zaxxer.hikari.HikariDataSource       : HikariPool-1 - Start completed.
2025-11-26T22:47:22.540+03:00  WARN 21044 --- [main] org.hibernate.dialect.Dialect            : HHH000511: The 5.5.0 version for [org.hibernate.dialect.MySQLDialect] is no longer supported, hence certain features may not work properly. The minimum supported version is 5.7.0. Check the community dialects project for available legacy versions.
2025-11-26T22:47:22.545+03:00  INFO 21044 --- [main] SQL dialect                              : HHH000400: Using dialect: org.hibernate.dialect.MySQLDialect
2025-11-26T22:47:24.492+03:00  INFO 21044 --- [main] o.h.e.t.j.p.i.JtaPlatformInitiator       : HHH000490: Using JtaPlatform implementation: [org.hibernate.engine.transaction.jta.platform.internal.NoJtaPlatform]
2025-11-26T22:47:24.501+03:00  INFO 21044 --- [main] j.LocalContainerEntityManagerFactoryBean : Initialized JPA EntityManagerFactory for persistence unit 'default'
2025-11-26T22:47:25.131+03:00  WARN 21044 --- [main] ocalVariableTableParameterNameDiscoverer : Using deprecated '-debug' fallback for parameter name resolution. Compile the affected code with '-parameters' instead or avoid its introspection: org.example.repositories.ClientPaymentRepository
2025-11-26T22:47:25.725+03:00  WARN 21044 --- [main] ocalVariableTableParameterNameDiscoverer : Using deprecated '-debug' fallback for parameter name resolution. Compile the affected code with '-parameters' instead or avoid its introspection: org.example.repositories.ForfeitRepository
2025-11-26T22:47:25.779+03:00  WARN 21044 --- [main] ocalVariableTableParameterNameDiscoverer : Using deprecated '-debug' fallback for parameter name resolution. Compile the affected code with '-parameters' instead or avoid its introspection: org.example.repositories.PartitionRepository
2025-11-26T22:47:26.128+03:00  WARN 21044 --- [main] ocalVariableTableParameterNameDiscoverer : Using deprecated '-debug' fallback for parameter name resolution. Compile the affected code with '-parameters' instead or avoid its introspection: org.example.repositories.TransRepoJpa
2025-11-26T22:47:26.258+03:00  WARN 21044 --- [main] ocalVariableTableParameterNameDiscoverer : Using deprecated '-debug' fallback for parameter name resolution. Compile the affected code with '-parameters' instead or avoid its introspection: org.example.repositories.ReturnedMaterialRepository
2025-11-26T22:47:26.475+03:00  WARN 21044 --- [main] ocalVariableTableParameterNameDiscoverer : Using deprecated '-debug' fallback for parameter name resolution. Compile the affected code with '-parameters' instead or avoid its introspection: org.example.repositories.TransferMaterialRepository
2025-11-26T22:47:26.641+03:00  WARN 21044 --- [main] ocalVariableTableParameterNameDiscoverer : Using deprecated '-debug' fallback for parameter name resolution. Compile the affected code with '-parameters' instead or avoid its introspection: org.example.repositories.TransLineRepository
2025-11-26T22:47:26.689+03:00  WARN 21044 --- [main] ocalVariableTableParameterNameDiscoverer : Using deprecated '-debug' fallback for parameter name resolution. Compile the affected code with '-parameters' instead or avoid its introspection: org.example.repositories.TransLogRepository
2025-11-26T22:47:26.940+03:00  WARN 21044 --- [main] JpaBaseConfiguration$JpaWebConfiguration : spring.jpa.open-in-view is enabled by default. Therefore, database queries may be performed during view rendering. Explicitly configure spring.jpa.open-in-view to disable this warning
2025-11-26T22:47:27.885+03:00  INFO 21044 --- [main] o.s.b.a.e.web.EndpointLinksResolver      : Exposing 1 endpoint(s) beneath base path '/actuator'
2025-11-26T22:47:28.014+03:00  INFO 21044 --- [main] o.s.b.w.embedded.tomcat.TomcatWebServer  : Tomcat started on port(s): 9091 (http) with context path ''
2025-11-26T22:47:28.034+03:00  INFO 21044 --- [main] org.example.Main                         : Started Main in 11.292 seconds (process running for 12.151)
2025-11-26T22:47:40.834+03:00  INFO 21044 --- [http-nio-9091-exec-1] o.a.c.c.C.[Tomcat].[localhost].[/]       : Initializing Spring DispatcherServlet 'dispatcherServlet'
2025-11-26T22:47:40.835+03:00  INFO 21044 --- [http-nio-9091-exec-1] o.s.web.servlet.DispatcherServlet        : Initializing Servlet 'dispatcherServlet'
2025-11-26T22:47:40.842+03:00  INFO 21044 --- [http-nio-9091-exec-1] o.s.web.servlet.DispatcherServlet        : Completed initialization in 7 ms
2025-11-26T22:47:41.129+03:00  WARN 21044 --- [http-nio-9091-exec-1] org.example.security.CustomFilter        : /api/v1/partition/RefineryReport/HTML/3/2025-09-01/2025-11-26/NORMAL
2025-11-26T22:47:41.309+03:00  WARN 21044 --- [http-nio-9091-exec-1] org.example.security.CustomFilter        : /api/v1/partition/RefineryReport/HTML/3/2025-09-01/2025-11-26/NORMAL headers org.apache.tomcat.util.http.ValuesEnumerator@1dd8795d
2025-11-26T22:47:41.380+03:00  WARN 21044 --- [http-nio-9091-exec-1] ocalVariableTableParameterNameDiscoverer : Using deprecated '-debug' fallback for parameter name resolution. Compile the affected code with '-parameters' instead or avoid its introspection: org.example.controllers.PartitionController
2025-11-26T22:47:42.762+03:00 ERROR 21044 --- [http-nio-9091-exec-1] o.a.c.c.C.[.[.[/].[dispatcherServlet]    : Servlet.service() for servlet [dispatcherServlet] in context with path [] threw exception [Request processing failed: java.lang.RuntimeException: net.sf.jasperreports.engine.design.JRValidationException: Report design not valid : 
	 1. Field not found : transLogs
	 2. Field not found : transLogs
	 3. Field not found : transLogs] with root cause

net.sf.jasperreports.engine.design.JRValidationException: Report design not valid : 
	 1. Field not found : transLogs
	 2. Field not found : transLogs
	 3. Field not found : transLogs
	at net.sf.jasperreports.engine.design.JRAbstractCompiler.verifyDesign(JRAbstractCompiler.java:319) ~[jasperreports-6.20.6.jar:6.20.6-5c96b6aa8a39ac1dc6b6bea4b81168e16dd39231]
	at net.sf.jasperreports.engine.design.JRAbstractCompiler.compileReport(JRAbstractCompiler.java:176) ~[jasperreports-6.20.6.jar:6.20.6-5c96b6aa8a39ac1dc6b6bea4b81168e16dd39231]
	at net.sf.jasperreports.engine.JasperCompileManager.compile(JasperCompileManager.java:358) ~[jasperreports-6.20.6.jar:6.20.6-5c96b6aa8a39ac1dc6b6bea4b81168e16dd39231]
	at net.sf.jasperreports.engine.JasperCompileManager.compile(JasperCompileManager.java:344) ~[jasperreports-6.20.6.jar:6.20.6-5c96b6aa8a39ac1dc6b6bea4b81168e16dd39231]
	at net.sf.jasperreports.engine.JasperCompileManager.compileReport(JasperCompileManager.java:609) ~[jasperreports-6.20.6.jar:6.20.6-5c96b6aa8a39ac1dc6b6bea4b81168e16dd39231]
	at org.example.controllers.PartitionController.getRefineryReport(PartitionController.java:294) ~[classes/:na]
	at java.base/jdk.internal.reflect.DirectMethodHandleAccessor.invoke(DirectMethodHandleAccessor.java:104) ~[na:na]
	at java.base/java.lang.reflect.Method.invoke(Method.java:578) ~[na:na]
	at org.springframework.web.method.support.InvocableHandlerMethod.doInvoke(InvocableHandlerMethod.java:207) ~[spring-web-6.0.7.jar:6.0.7]
	at org.springframework.web.method.support.InvocableHandlerMethod.invokeForRequest(InvocableHandlerMethod.java:152) ~[spring-web-6.0.7.jar:6.0.7]
	at org.springframework.web.servlet.mvc.method.annotation.ServletInvocableHandlerMethod.invokeAndHandle(ServletInvocableHandlerMethod.java:118) ~[spring-webmvc-6.0.7.jar:6.0.7]
	at org.springframework.web.servlet.mvc.method.annotation.RequestMappingHandlerAdapter.invokeHandlerMethod(RequestMappingHandlerAdapter.java:884) ~[spring-webmvc-6.0.7.jar:6.0.7]
	at org.springframework.web.servlet.mvc.method.annotation.RequestMappingHandlerAdapter.handleInternal(RequestMappingHandlerAdapter.java:797) ~[spring-webmvc-6.0.7.jar:6.0.7]
	at org.springframework.web.servlet.mvc.method.AbstractHandlerMethodAdapter.handle(AbstractHandlerMethodAdapter.java:87) ~[spring-webmvc-6.0.7.jar:6.0.7]
	at org.springframework.web.servlet.DispatcherServlet.doDispatch(DispatcherServlet.java:1081) ~[spring-webmvc-6.0.7.jar:6.0.7]
	at org.springframework.web.servlet.DispatcherServlet.doService(DispatcherServlet.java:974) ~[spring-webmvc-6.0.7.jar:6.0.7]
	at org.springframework.web.servlet.FrameworkServlet.processRequest(FrameworkServlet.java:1011) ~[spring-webmvc-6.0.7.jar:6.0.7]
	at org.springframework.web.servlet.FrameworkServlet.doGet(FrameworkServlet.java:903) ~[spring-webmvc-6.0.7.jar:6.0.7]
	at jakarta.servlet.http.HttpServlet.service(HttpServlet.java:537) ~[tomcat-embed-core-10.1.7.jar:6.0]
	at org.springframework.web.servlet.FrameworkServlet.service(FrameworkServlet.java:885) ~[spring-webmvc-6.0.7.jar:6.0.7]
	at jakarta.servlet.http.HttpServlet.service(HttpServlet.java:631) ~[tomcat-embed-core-10.1.7.jar:6.0]
	at org.apache.catalina.core.ApplicationFilterChain.internalDoFilter(ApplicationFilterChain.java:205) ~[tomcat-embed-core-10.1.7.jar:10.1.7]
	at org.apache.catalina.core.ApplicationFilterChain.doFilter(ApplicationFilterChain.java:149) ~[tomcat-embed-core-10.1.7.jar:10.1.7]
	at org.apache.tomcat.websocket.server.WsFilter.doFilter(WsFilter.java:53) ~[tomcat-embed-websocket-10.1.7.jar:10.1.7]
	at org.apache.catalina.core.ApplicationFilterChain.internalDoFilter(ApplicationFilterChain.java:174) ~[tomcat-embed-core-10.1.7.jar:10.1.7]
	at org.apache.catalina.core.ApplicationFilterChain.doFilter(ApplicationFilterChain.java:149) ~[tomcat-embed-core-10.1.7.jar:10.1.7]
	at org.example.security.CustomFilter.doFilter(CustomFilter.java:87) ~[classes/:na]
	at org.apache.catalina.core.ApplicationFilterChain.internalDoFilter(ApplicationFilterChain.java:174) ~[tomcat-embed-core-10.1.7.jar:10.1.7]
	at org.apache.catalina.core.ApplicationFilterChain.doFilter(ApplicationFilterChain.java:149) ~[tomcat-embed-core-10.1.7.jar:10.1.7]
	at org.springframework.web.filter.RequestContextFilter.doFilterInternal(RequestContextFilter.java:100) ~[spring-web-6.0.7.jar:6.0.7]
	at org.springframework.web.filter.OncePerRequestFilter.doFilter(OncePerRequestFilter.java:116) ~[spring-web-6.0.7.jar:6.0.7]
	at org.apache.catalina.core.ApplicationFilterChain.internalDoFilter(ApplicationFilterChain.java:174) ~[tomcat-embed-core-10.1.7.jar:10.1.7]
	at org.apache.catalina.core.ApplicationFilterChain.doFilter(ApplicationFilterChain.java:149) ~[tomcat-embed-core-10.1.7.jar:10.1.7]
	at org.springframework.web.filter.FormContentFilter.doFilterInternal(FormContentFilter.java:93) ~[spring-web-6.0.7.jar:6.0.7]
	at org.springframework.web.filter.OncePerRequestFilter.doFilter(OncePerRequestFilter.java:116) ~[spring-web-6.0.7.jar:6.0.7]
	at org.apache.catalina.core.ApplicationFilterChain.internalDoFilter(ApplicationFilterChain.java:174) ~[tomcat-embed-core-10.1.7.jar:10.1.7]
	at org.apache.catalina.core.ApplicationFilterChain.doFilter(ApplicationFilterChain.java:149) ~[tomcat-embed-core-10.1.7.jar:10.1.7]
	at org.springframework.web.filter.ServerHttpObservationFilter.doFilterInternal(ServerHttpObservationFilter.java:109) ~[spring-web-6.0.7.jar:6.0.7]
	at org.springframework.web.filter.OncePerRequestFilter.doFilter(OncePerRequestFilter.java:116) ~[spring-web-6.0.7.jar:6.0.7]
	at org.apache.catalina.core.ApplicationFilterChain.internalDoFilter(ApplicationFilterChain.java:174) ~[tomcat-embed-core-10.1.7.jar:10.1.7]
	at org.apache.catalina.core.ApplicationFilterChain.doFilter(ApplicationFilterChain.java:149) ~[tomcat-embed-core-10.1.7.jar:10.1.7]
	at org.springframework.web.filter.CharacterEncodingFilter.doFilterInternal(CharacterEncodingFilter.java:201) ~[spring-web-6.0.7.jar:6.0.7]
	at org.springframework.web.filter.OncePerRequestFilter.doFilter(OncePerRequestFilter.java:116) ~[spring-web-6.0.7.jar:6.0.7]
	at org.apache.catalina.core.ApplicationFilterChain.internalDoFilter(ApplicationFilterChain.java:174) ~[tomcat-embed-core-10.1.7.jar:10.1.7]
	at org.apache.catalina.core.ApplicationFilterChain.doFilter(ApplicationFilterChain.java:149) ~[tomcat-embed-core-10.1.7.jar:10.1.7]
	at org.apache.catalina.core.StandardWrapperValve.invoke(StandardWrapperValve.java:166) ~[tomcat-embed-core-10.1.7.jar:10.1.7]
	at org.apache.catalina.core.StandardContextValve.invoke(StandardContextValve.java:90) ~[tomcat-embed-core-10.1.7.jar:10.1.7]
	at org.apache.catalina.authenticator.AuthenticatorBase.invoke(AuthenticatorBase.java:493) ~[tomcat-embed-core-10.1.7.jar:10.1.7]
	at org.apache.catalina.core.StandardHostValve.invoke(StandardHostValve.java:115) ~[tomcat-embed-core-10.1.7.jar:10.1.7]
	at org.apache.catalina.valves.ErrorReportValve.invoke(ErrorReportValve.java:93) ~[tomcat-embed-core-10.1.7.jar:10.1.7]
	at org.apache.catalina.core.StandardEngineValve.invoke(StandardEngineValve.java:74) ~[tomcat-embed-core-10.1.7.jar:10.1.7]
	at org.apache.catalina.connector.CoyoteAdapter.service(CoyoteAdapter.java:341) ~[tomcat-embed-core-10.1.7.jar:10.1.7]
	at org.apache.coyote.http11.Http11Processor.service(Http11Processor.java:390) ~[tomcat-embed-core-10.1.7.jar:10.1.7]
	at org.apache.coyote.AbstractProcessorLight.process(AbstractProcessorLight.java:63) ~[tomcat-embed-core-10.1.7.jar:10.1.7]
	at org.apache.coyote.AbstractProtocol$ConnectionHandler.process(AbstractProtocol.java:894) ~[tomcat-embed-core-10.1.7.jar:10.1.7]
	at org.apache.tomcat.util.net.NioEndpoint$SocketProcessor.doRun(NioEndpoint.java:1741) ~[tomcat-embed-core-10.1.7.jar:10.1.7]
	at org.apache.tomcat.util.net.SocketProcessorBase.run(SocketProcessorBase.java:52) ~[tomcat-embed-core-10.1.7.jar:10.1.7]
	at org.apache.tomcat.util.threads.ThreadPoolExecutor.runWorker(ThreadPoolExecutor.java:1191) ~[tomcat-embed-core-10.1.7.jar:10.1.7]
	at org.apache.tomcat.util.threads.ThreadPoolExecutor$Worker.run(ThreadPoolExecutor.java:659) ~[tomcat-embed-core-10.1.7.jar:10.1.7]
	at org.apache.tomcat.util.threads.TaskThread$WrappingRunnable.run(TaskThread.java:61) ~[tomcat-embed-core-10.1.7.jar:10.1.7]
	at java.base/java.lang.Thread.run(Thread.java:1623) ~[na:na]

2025-11-26T22:48:57.512+03:00  INFO 21044 --- [SpringApplicationShutdownHook] j.LocalContainerEntityManagerFactoryBean : Closing JPA EntityManagerFactory for persistence unit 'default'
2025-11-26T22:48:57.523+03:00  INFO 21044 --- [SpringApplicationShutdownHook] com.zaxxer.hikari.HikariDataSource       : HikariPool-1 - Shutdown initiated...
2025-11-26T22:48:57.563+03:00  INFO 21044 --- [SpringApplicationShutdownHook] com.zaxxer.hikari.HikariDataSource       : HikariPool-1 - Shutdown completed.
2025-11-26T22:49:01.149+03:00  INFO 18608 --- [main] org.example.Main                         : Starting Main using Java 20 with PID 18608 (D:\fuelRefactored\FuelCleanCode\Service\target\classes started by GIGABYTE in D:\fuelRefactored\FuelCleanCode)
2025-11-26T22:49:01.151+03:00  INFO 18608 --- [main] org.example.Main                         : The following 1 profile is active: "local"
2025-11-26T22:49:02.898+03:00  INFO 18608 --- [main] .s.d.r.c.RepositoryConfigurationDelegate : Bootstrapping Spring Data JPA repositories in DEFAULT mode.
2025-11-26T22:49:03.198+03:00  INFO 18608 --- [main] .s.d.r.c.RepositoryConfigurationDelegate : Finished Spring Data repository scanning in 285 ms. Found 25 JPA repository interfaces.
2025-11-26T22:49:04.349+03:00  INFO 18608 --- [main] o.s.b.w.embedded.tomcat.TomcatWebServer  : Tomcat initialized with port(s): 9091 (http)
2025-11-26T22:49:04.360+03:00  INFO 18608 --- [main] o.apache.catalina.core.StandardService   : Starting service [Tomcat]
2025-11-26T22:49:04.360+03:00  INFO 18608 --- [main] o.apache.catalina.core.StandardEngine    : Starting Servlet engine: [Apache Tomcat/10.1.7]
2025-11-26T22:49:04.522+03:00  INFO 18608 --- [main] o.a.c.c.C.[Tomcat].[localhost].[/]       : Initializing Spring embedded WebApplicationContext
2025-11-26T22:49:04.522+03:00  INFO 18608 --- [main] w.s.c.ServletWebServerApplicationContext : Root WebApplicationContext: initialization completed in 3308 ms
2025-11-26T22:49:05.004+03:00  INFO 18608 --- [main] o.hibernate.jpa.internal.util.LogHelper  : HHH000204: Processing PersistenceUnitInfo [name: default]
2025-11-26T22:49:05.077+03:00  INFO 18608 --- [main] org.hibernate.Version                    : HHH000412: Hibernate ORM core version 6.1.7.Final
2025-11-26T22:49:05.508+03:00  INFO 18608 --- [main] com.zaxxer.hikari.HikariDataSource       : HikariPool-1 - Starting...
2025-11-26T22:49:05.735+03:00  INFO 18608 --- [main] com.zaxxer.hikari.pool.HikariPool        : HikariPool-1 - Added connection com.mysql.cj.jdbc.ConnectionImpl@144440f5
2025-11-26T22:49:05.738+03:00  INFO 18608 --- [main] com.zaxxer.hikari.HikariDataSource       : HikariPool-1 - Start completed.
2025-11-26T22:49:05.789+03:00  WARN 18608 --- [main] org.hibernate.dialect.Dialect            : HHH000511: The 5.5.0 version for [org.hibernate.dialect.MySQLDialect] is no longer supported, hence certain features may not work properly. The minimum supported version is 5.7.0. Check the community dialects project for available legacy versions.
2025-11-26T22:49:05.797+03:00  INFO 18608 --- [main] SQL dialect                              : HHH000400: Using dialect: org.hibernate.dialect.MySQLDialect
2025-11-26T22:49:08.449+03:00  INFO 18608 --- [main] o.h.e.t.j.p.i.JtaPlatformInitiator       : HHH000490: Using JtaPlatform implementation: [org.hibernate.engine.transaction.jta.platform.internal.NoJtaPlatform]
2025-11-26T22:49:08.460+03:00  INFO 18608 --- [main] j.LocalContainerEntityManagerFactoryBean : Initialized JPA EntityManagerFactory for persistence unit 'default'
2025-11-26T22:49:09.070+03:00  WARN 18608 --- [main] ocalVariableTableParameterNameDiscoverer : Using deprecated '-debug' fallback for parameter name resolution. Compile the affected code with '-parameters' instead or avoid its introspection: org.example.repositories.ClientPaymentRepository
2025-11-26T22:49:09.671+03:00  WARN 18608 --- [main] ocalVariableTableParameterNameDiscoverer : Using deprecated '-debug' fallback for parameter name resolution. Compile the affected code with '-parameters' instead or avoid its introspection: org.example.repositories.ForfeitRepository
2025-11-26T22:49:09.729+03:00  WARN 18608 --- [main] ocalVariableTableParameterNameDiscoverer : Using deprecated '-debug' fallback for parameter name resolution. Compile the affected code with '-parameters' instead or avoid its introspection: org.example.repositories.PartitionRepository
2025-11-26T22:49:10.079+03:00  WARN 18608 --- [main] ocalVariableTableParameterNameDiscoverer : Using deprecated '-debug' fallback for parameter name resolution. Compile the affected code with '-parameters' instead or avoid its introspection: org.example.repositories.TransRepoJpa
2025-11-26T22:49:10.190+03:00  WARN 18608 --- [main] ocalVariableTableParameterNameDiscoverer : Using deprecated '-debug' fallback for parameter name resolution. Compile the affected code with '-parameters' instead or avoid its introspection: org.example.repositories.ReturnedMaterialRepository
2025-11-26T22:49:10.351+03:00  WARN 18608 --- [main] ocalVariableTableParameterNameDiscoverer : Using deprecated '-debug' fallback for parameter name resolution. Compile the affected code with '-parameters' instead or avoid its introspection: org.example.repositories.TransferMaterialRepository
2025-11-26T22:49:10.521+03:00  WARN 18608 --- [main] ocalVariableTableParameterNameDiscoverer : Using deprecated '-debug' fallback for parameter name resolution. Compile the affected code with '-parameters' instead or avoid its introspection: org.example.repositories.TransLineRepository
2025-11-26T22:49:10.559+03:00  WARN 18608 --- [main] ocalVariableTableParameterNameDiscoverer : Using deprecated '-debug' fallback for parameter name resolution. Compile the affected code with '-parameters' instead or avoid its introspection: org.example.repositories.TransLogRepository
2025-11-26T22:49:10.803+03:00  WARN 18608 --- [main] JpaBaseConfiguration$JpaWebConfiguration : spring.jpa.open-in-view is enabled by default. Therefore, database queries may be performed during view rendering. Explicitly configure spring.jpa.open-in-view to disable this warning
2025-11-26T22:49:11.758+03:00  INFO 18608 --- [main] o.s.b.a.e.web.EndpointLinksResolver      : Exposing 1 endpoint(s) beneath base path '/actuator'
2025-11-26T22:49:11.868+03:00  INFO 18608 --- [main] o.s.b.w.embedded.tomcat.TomcatWebServer  : Tomcat started on port(s): 9091 (http) with context path ''
2025-11-26T22:49:11.886+03:00  INFO 18608 --- [main] org.example.Main                         : Started Main in 11.703 seconds (process running for 12.522)
2025-11-26T22:49:25.075+03:00  INFO 18608 --- [http-nio-9091-exec-1] o.a.c.c.C.[Tomcat].[localhost].[/]       : Initializing Spring DispatcherServlet 'dispatcherServlet'
2025-11-26T22:49:25.077+03:00  INFO 18608 --- [http-nio-9091-exec-1] o.s.web.servlet.DispatcherServlet        : Initializing Servlet 'dispatcherServlet'
2025-11-26T22:49:25.085+03:00  INFO 18608 --- [http-nio-9091-exec-1] o.s.web.servlet.DispatcherServlet        : Completed initialization in 6 ms
2025-11-26T22:49:25.493+03:00  WARN 18608 --- [http-nio-9091-exec-1] org.example.security.CustomFilter        : /api/v1/partition/RefineryReport/HTML/3/2025-09-01/2025-11-26/NORMAL
2025-11-26T22:49:25.694+03:00  WARN 18608 --- [http-nio-9091-exec-1] org.example.security.CustomFilter        : /api/v1/partition/RefineryReport/HTML/3/2025-09-01/2025-11-26/NORMAL headers org.apache.tomcat.util.http.ValuesEnumerator@69b5bcd
2025-11-26T22:49:25.784+03:00  WARN 18608 --- [http-nio-9091-exec-1] ocalVariableTableParameterNameDiscoverer : Using deprecated '-debug' fallback for parameter name resolution. Compile the affected code with '-parameters' instead or avoid its introspection: org.example.controllers.PartitionController
2025-11-26T22:49:28.685+03:00 ERROR 18608 --- [http-nio-9091-exec-1] o.a.c.c.C.[.[.[/].[dispatcherServlet]    : Servlet.service() for servlet [dispatcherServlet] in context with path [] threw exception [Request processing failed: java.lang.RuntimeException: net.sf.jasperreports.engine.JRException: Errors were encountered when compiling report expressions class file:
1. com.example.TransLog cannot be resolved to a type
    ? ((com.example.TransLog)((java.util.Set)field_transportationEntity46transLogs.getValue()).iterator().next()).getNotes() //$JR_EXPR_ID=17$
        <------------------>
2. com.example.TransLog cannot be resolved to a type
    ? ((com.example.TransLog)((java.util.Set)field_transportationEntity46transLogs.getOldValue()).iterator().next()).getNotes() //$JR_EXPR_ID=17$
        <------------------>
3. com.example.TransLog cannot be resolved to a type
    ? ((com.example.TransLog)((java.util.Set)field_transportationEntity46transLogs.getValue()).iterator().next()).getNotes() //$JR_EXPR_ID=17$
        <------------------>
3 errors
.] with root cause

net.sf.jasperreports.engine.JRException: Errors were encountered when compiling report expressions class file:
1. com.example.TransLog cannot be resolved to a type
    ? ((com.example.TransLog)((java.util.Set)field_transportationEntity46transLogs.getValue()).iterator().next()).getNotes() //$JR_EXPR_ID=17$
        <------------------>
2. com.example.TransLog cannot be resolved to a type
    ? ((com.example.TransLog)((java.util.Set)field_transportationEntity46transLogs.getOldValue()).iterator().next()).getNotes() //$JR_EXPR_ID=17$
        <------------------>
3. com.example.TransLog cannot be resolved to a type
    ? ((com.example.TransLog)((java.util.Set)field_transportationEntity46transLogs.getValue()).iterator().next()).getNotes() //$JR_EXPR_ID=17$
        <------------------>
3 errors
.
	at net.sf.jasperreports.engine.design.JRAbstractCompiler.compileReport(JRAbstractCompiler.java:234) ~[jasperreports-6.20.6.jar:6.20.6-5c96b6aa8a39ac1dc6b6bea4b81168e16dd39231]
	at net.sf.jasperreports.engine.JasperCompileManager.compile(JasperCompileManager.java:358) ~[jasperreports-6.20.6.jar:6.20.6-5c96b6aa8a39ac1dc6b6bea4b81168e16dd39231]
	at net.sf.jasperreports.engine.JasperCompileManager.compile(JasperCompileManager.java:344) ~[jasperreports-6.20.6.jar:6.20.6-5c96b6aa8a39ac1dc6b6bea4b81168e16dd39231]
	at net.sf.jasperreports.engine.JasperCompileManager.compileReport(JasperCompileManager.java:609) ~[jasperreports-6.20.6.jar:6.20.6-5c96b6aa8a39ac1dc6b6bea4b81168e16dd39231]
	at org.example.controllers.PartitionController.getRefineryReport(PartitionController.java:294) ~[classes/:na]
	at java.base/jdk.internal.reflect.DirectMethodHandleAccessor.invoke(DirectMethodHandleAccessor.java:104) ~[na:na]
	at java.base/java.lang.reflect.Method.invoke(Method.java:578) ~[na:na]
	at org.springframework.web.method.support.InvocableHandlerMethod.doInvoke(InvocableHandlerMethod.java:207) ~[spring-web-6.0.7.jar:6.0.7]
	at org.springframework.web.method.support.InvocableHandlerMethod.invokeForRequest(InvocableHandlerMethod.java:152) ~[spring-web-6.0.7.jar:6.0.7]
	at org.springframework.web.servlet.mvc.method.annotation.ServletInvocableHandlerMethod.invokeAndHandle(ServletInvocableHandlerMethod.java:118) ~[spring-webmvc-6.0.7.jar:6.0.7]
	at org.springframework.web.servlet.mvc.method.annotation.RequestMappingHandlerAdapter.invokeHandlerMethod(RequestMappingHandlerAdapter.java:884) ~[spring-webmvc-6.0.7.jar:6.0.7]
	at org.springframework.web.servlet.mvc.method.annotation.RequestMappingHandlerAdapter.handleInternal(RequestMappingHandlerAdapter.java:797) ~[spring-webmvc-6.0.7.jar:6.0.7]
	at org.springframework.web.servlet.mvc.method.AbstractHandlerMethodAdapter.handle(AbstractHandlerMethodAdapter.java:87) ~[spring-webmvc-6.0.7.jar:6.0.7]
	at org.springframework.web.servlet.DispatcherServlet.doDispatch(DispatcherServlet.java:1081) ~[spring-webmvc-6.0.7.jar:6.0.7]
	at org.springframework.web.servlet.DispatcherServlet.doService(DispatcherServlet.java:974) ~[spring-webmvc-6.0.7.jar:6.0.7]
	at org.springframework.web.servlet.FrameworkServlet.processRequest(FrameworkServlet.java:1011) ~[spring-webmvc-6.0.7.jar:6.0.7]
	at org.springframework.web.servlet.FrameworkServlet.doGet(FrameworkServlet.java:903) ~[spring-webmvc-6.0.7.jar:6.0.7]
	at jakarta.servlet.http.HttpServlet.service(HttpServlet.java:537) ~[tomcat-embed-core-10.1.7.jar:6.0]
	at org.springframework.web.servlet.FrameworkServlet.service(FrameworkServlet.java:885) ~[spring-webmvc-6.0.7.jar:6.0.7]
	at jakarta.servlet.http.HttpServlet.service(HttpServlet.java:631) ~[tomcat-embed-core-10.1.7.jar:6.0]
	at org.apache.catalina.core.ApplicationFilterChain.internalDoFilter(ApplicationFilterChain.java:205) ~[tomcat-embed-core-10.1.7.jar:10.1.7]
	at org.apache.catalina.core.ApplicationFilterChain.doFilter(ApplicationFilterChain.java:149) ~[tomcat-embed-core-10.1.7.jar:10.1.7]
	at org.apache.tomcat.websocket.server.WsFilter.doFilter(WsFilter.java:53) ~[tomcat-embed-websocket-10.1.7.jar:10.1.7]
	at org.apache.catalina.core.ApplicationFilterChain.internalDoFilter(ApplicationFilterChain.java:174) ~[tomcat-embed-core-10.1.7.jar:10.1.7]
	at org.apache.catalina.core.ApplicationFilterChain.doFilter(ApplicationFilterChain.java:149) ~[tomcat-embed-core-10.1.7.jar:10.1.7]
	at org.example.security.CustomFilter.doFilter(CustomFilter.java:87) ~[classes/:na]
	at org.apache.catalina.core.ApplicationFilterChain.internalDoFilter(ApplicationFilterChain.java:174) ~[tomcat-embed-core-10.1.7.jar:10.1.7]
	at org.apache.catalina.core.ApplicationFilterChain.doFilter(ApplicationFilterChain.java:149) ~[tomcat-embed-core-10.1.7.jar:10.1.7]
	at org.springframework.web.filter.RequestContextFilter.doFilterInternal(RequestContextFilter.java:100) ~[spring-web-6.0.7.jar:6.0.7]
	at org.springframework.web.filter.OncePerRequestFilter.doFilter(OncePerRequestFilter.java:116) ~[spring-web-6.0.7.jar:6.0.7]
	at org.apache.catalina.core.ApplicationFilterChain.internalDoFilter(ApplicationFilterChain.java:174) ~[tomcat-embed-core-10.1.7.jar:10.1.7]
	at org.apache.catalina.core.ApplicationFilterChain.doFilter(ApplicationFilterChain.java:149) ~[tomcat-embed-core-10.1.7.jar:10.1.7]
	at org.springframework.web.filter.FormContentFilter.doFilterInternal(FormContentFilter.java:93) ~[spring-web-6.0.7.jar:6.0.7]
	at org.springframework.web.filter.OncePerRequestFilter.doFilter(OncePerRequestFilter.java:116) ~[spring-web-6.0.7.jar:6.0.7]
	at org.apache.catalina.core.ApplicationFilterChain.internalDoFilter(ApplicationFilterChain.java:174) ~[tomcat-embed-core-10.1.7.jar:10.1.7]
	at org.apache.catalina.core.ApplicationFilterChain.doFilter(ApplicationFilterChain.java:149) ~[tomcat-embed-core-10.1.7.jar:10.1.7]
	at org.springframework.web.filter.ServerHttpObservationFilter.doFilterInternal(ServerHttpObservationFilter.java:109) ~[spring-web-6.0.7.jar:6.0.7]
	at org.springframework.web.filter.OncePerRequestFilter.doFilter(OncePerRequestFilter.java:116) ~[spring-web-6.0.7.jar:6.0.7]
	at org.apache.catalina.core.ApplicationFilterChain.internalDoFilter(ApplicationFilterChain.java:174) ~[tomcat-embed-core-10.1.7.jar:10.1.7]
	at org.apache.catalina.core.ApplicationFilterChain.doFilter(ApplicationFilterChain.java:149) ~[tomcat-embed-core-10.1.7.jar:10.1.7]
	at org.springframework.web.filter.CharacterEncodingFilter.doFilterInternal(CharacterEncodingFilter.java:201) ~[spring-web-6.0.7.jar:6.0.7]
	at org.springframework.web.filter.OncePerRequestFilter.doFilter(OncePerRequestFilter.java:116) ~[spring-web-6.0.7.jar:6.0.7]
	at org.apache.catalina.core.ApplicationFilterChain.internalDoFilter(ApplicationFilterChain.java:174) ~[tomcat-embed-core-10.1.7.jar:10.1.7]
	at org.apache.catalina.core.ApplicationFilterChain.doFilter(ApplicationFilterChain.java:149) ~[tomcat-embed-core-10.1.7.jar:10.1.7]
	at org.apache.catalina.core.StandardWrapperValve.invoke(StandardWrapperValve.java:166) ~[tomcat-embed-core-10.1.7.jar:10.1.7]
	at org.apache.catalina.core.StandardContextValve.invoke(StandardContextValve.java:90) ~[tomcat-embed-core-10.1.7.jar:10.1.7]
	at org.apache.catalina.authenticator.AuthenticatorBase.invoke(AuthenticatorBase.java:493) ~[tomcat-embed-core-10.1.7.jar:10.1.7]
	at org.apache.catalina.core.StandardHostValve.invoke(StandardHostValve.java:115) ~[tomcat-embed-core-10.1.7.jar:10.1.7]
	at org.apache.catalina.valves.ErrorReportValve.invoke(ErrorReportValve.java:93) ~[tomcat-embed-core-10.1.7.jar:10.1.7]
	at org.apache.catalina.core.StandardEngineValve.invoke(StandardEngineValve.java:74) ~[tomcat-embed-core-10.1.7.jar:10.1.7]
	at org.apache.catalina.connector.CoyoteAdapter.service(CoyoteAdapter.java:341) ~[tomcat-embed-core-10.1.7.jar:10.1.7]
	at org.apache.coyote.http11.Http11Processor.service(Http11Processor.java:390) ~[tomcat-embed-core-10.1.7.jar:10.1.7]
	at org.apache.coyote.AbstractProcessorLight.process(AbstractProcessorLight.java:63) ~[tomcat-embed-core-10.1.7.jar:10.1.7]
	at org.apache.coyote.AbstractProtocol$ConnectionHandler.process(AbstractProtocol.java:894) ~[tomcat-embed-core-10.1.7.jar:10.1.7]
	at org.apache.tomcat.util.net.NioEndpoint$SocketProcessor.doRun(NioEndpoint.java:1741) ~[tomcat-embed-core-10.1.7.jar:10.1.7]
	at org.apache.tomcat.util.net.SocketProcessorBase.run(SocketProcessorBase.java:52) ~[tomcat-embed-core-10.1.7.jar:10.1.7]
	at org.apache.tomcat.util.threads.ThreadPoolExecutor.runWorker(ThreadPoolExecutor.java:1191) ~[tomcat-embed-core-10.1.7.jar:10.1.7]
	at org.apache.tomcat.util.threads.ThreadPoolExecutor$Worker.run(ThreadPoolExecutor.java:659) ~[tomcat-embed-core-10.1.7.jar:10.1.7]
	at org.apache.tomcat.util.threads.TaskThread$WrappingRunnable.run(TaskThread.java:61) ~[tomcat-embed-core-10.1.7.jar:10.1.7]
	at java.base/java.lang.Thread.run(Thread.java:1623) ~[na:na]

2025-11-26T22:51:11.894+03:00  INFO 18608 --- [SpringApplicationShutdownHook] j.LocalContainerEntityManagerFactoryBean : Closing JPA EntityManagerFactory for persistence unit 'default'
2025-11-26T22:51:11.902+03:00  INFO 18608 --- [SpringApplicationShutdownHook] com.zaxxer.hikari.HikariDataSource       : HikariPool-1 - Shutdown initiated...
2025-11-26T22:51:11.915+03:00  INFO 18608 --- [SpringApplicationShutdownHook] com.zaxxer.hikari.HikariDataSource       : HikariPool-1 - Shutdown completed.
2025-11-26T22:51:15.764+03:00  INFO 20068 --- [main] org.example.Main                         : Starting Main using Java 20 with PID 20068 (D:\fuelRefactored\FuelCleanCode\Service\target\classes started by GIGABYTE in D:\fuelRefactored\FuelCleanCode)
2025-11-26T22:51:15.766+03:00  INFO 20068 --- [main] org.example.Main                         : The following 1 profile is active: "local"
2025-11-26T22:51:17.579+03:00  INFO 20068 --- [main] .s.d.r.c.RepositoryConfigurationDelegate : Bootstrapping Spring Data JPA repositories in DEFAULT mode.
2025-11-26T22:51:17.919+03:00  INFO 20068 --- [main] .s.d.r.c.RepositoryConfigurationDelegate : Finished Spring Data repository scanning in 325 ms. Found 25 JPA repository interfaces.
2025-11-26T22:51:19.021+03:00  INFO 20068 --- [main] o.s.b.w.embedded.tomcat.TomcatWebServer  : Tomcat initialized with port(s): 9091 (http)
2025-11-26T22:51:19.039+03:00  INFO 20068 --- [main] o.apache.catalina.core.StandardService   : Starting service [Tomcat]
2025-11-26T22:51:19.040+03:00  INFO 20068 --- [main] o.apache.catalina.core.StandardEngine    : Starting Servlet engine: [Apache Tomcat/10.1.7]
2025-11-26T22:51:19.236+03:00  INFO 20068 --- [main] o.a.c.c.C.[Tomcat].[localhost].[/]       : Initializing Spring embedded WebApplicationContext
2025-11-26T22:51:19.237+03:00  INFO 20068 --- [main] w.s.c.ServletWebServerApplicationContext : Root WebApplicationContext: initialization completed in 3391 ms
2025-11-26T22:51:19.727+03:00  INFO 20068 --- [main] o.hibernate.jpa.internal.util.LogHelper  : HHH000204: Processing PersistenceUnitInfo [name: default]
2025-11-26T22:51:19.788+03:00  INFO 20068 --- [main] org.hibernate.Version                    : HHH000412: Hibernate ORM core version 6.1.7.Final
2025-11-26T22:51:20.215+03:00  INFO 20068 --- [main] com.zaxxer.hikari.HikariDataSource       : HikariPool-1 - Starting...
2025-11-26T22:51:20.398+03:00  INFO 20068 --- [main] com.zaxxer.hikari.pool.HikariPool        : HikariPool-1 - Added connection com.mysql.cj.jdbc.ConnectionImpl@2b9ecd05
2025-11-26T22:51:20.400+03:00  INFO 20068 --- [main] com.zaxxer.hikari.HikariDataSource       : HikariPool-1 - Start completed.
2025-11-26T22:51:20.432+03:00  WARN 20068 --- [main] org.hibernate.dialect.Dialect            : HHH000511: The 5.5.0 version for [org.hibernate.dialect.MySQLDialect] is no longer supported, hence certain features may not work properly. The minimum supported version is 5.7.0. Check the community dialects project for available legacy versions.
2025-11-26T22:51:20.437+03:00  INFO 20068 --- [main] SQL dialect                              : HHH000400: Using dialect: org.hibernate.dialect.MySQLDialect
2025-11-26T22:51:22.195+03:00  INFO 20068 --- [main] o.h.e.t.j.p.i.JtaPlatformInitiator       : HHH000490: Using JtaPlatform implementation: [org.hibernate.engine.transaction.jta.platform.internal.NoJtaPlatform]
2025-11-26T22:51:22.206+03:00  INFO 20068 --- [main] j.LocalContainerEntityManagerFactoryBean : Initialized JPA EntityManagerFactory for persistence unit 'default'
2025-11-26T22:51:22.810+03:00  WARN 20068 --- [main] ocalVariableTableParameterNameDiscoverer : Using deprecated '-debug' fallback for parameter name resolution. Compile the affected code with '-parameters' instead or avoid its introspection: org.example.repositories.ClientPaymentRepository
2025-11-26T22:51:23.412+03:00  WARN 20068 --- [main] ocalVariableTableParameterNameDiscoverer : Using deprecated '-debug' fallback for parameter name resolution. Compile the affected code with '-parameters' instead or avoid its introspection: org.example.repositories.ForfeitRepository
2025-11-26T22:51:23.473+03:00  WARN 20068 --- [main] ocalVariableTableParameterNameDiscoverer : Using deprecated '-debug' fallback for parameter name resolution. Compile the affected code with '-parameters' instead or avoid its introspection: org.example.repositories.PartitionRepository
2025-11-26T22:51:23.843+03:00  WARN 20068 --- [main] ocalVariableTableParameterNameDiscoverer : Using deprecated '-debug' fallback for parameter name resolution. Compile the affected code with '-parameters' instead or avoid its introspection: org.example.repositories.TransRepoJpa
2025-11-26T22:51:23.965+03:00  WARN 20068 --- [main] ocalVariableTableParameterNameDiscoverer : Using deprecated '-debug' fallback for parameter name resolution. Compile the affected code with '-parameters' instead or avoid its introspection: org.example.repositories.ReturnedMaterialRepository
2025-11-26T22:51:24.178+03:00  WARN 20068 --- [main] ocalVariableTableParameterNameDiscoverer : Using deprecated '-debug' fallback for parameter name resolution. Compile the affected code with '-parameters' instead or avoid its introspection: org.example.repositories.TransferMaterialRepository
2025-11-26T22:51:24.303+03:00  WARN 20068 --- [main] ocalVariableTableParameterNameDiscoverer : Using deprecated '-debug' fallback for parameter name resolution. Compile the affected code with '-parameters' instead or avoid its introspection: org.example.repositories.TransLineRepository
2025-11-26T22:51:24.340+03:00  WARN 20068 --- [main] ocalVariableTableParameterNameDiscoverer : Using deprecated '-debug' fallback for parameter name resolution. Compile the affected code with '-parameters' instead or avoid its introspection: org.example.repositories.TransLogRepository
2025-11-26T22:51:24.632+03:00  WARN 20068 --- [main] JpaBaseConfiguration$JpaWebConfiguration : spring.jpa.open-in-view is enabled by default. Therefore, database queries may be performed during view rendering. Explicitly configure spring.jpa.open-in-view to disable this warning
2025-11-26T22:51:25.588+03:00  INFO 20068 --- [main] o.s.b.a.e.web.EndpointLinksResolver      : Exposing 1 endpoint(s) beneath base path '/actuator'
2025-11-26T22:51:25.717+03:00  INFO 20068 --- [main] o.s.b.w.embedded.tomcat.TomcatWebServer  : Tomcat started on port(s): 9091 (http) with context path ''
2025-11-26T22:51:25.745+03:00  INFO 20068 --- [main] org.example.Main                         : Started Main in 11.206 seconds (process running for 12.053)
2025-11-26T22:51:38.782+03:00  INFO 20068 --- [http-nio-9091-exec-1] o.a.c.c.C.[Tomcat].[localhost].[/]       : Initializing Spring DispatcherServlet 'dispatcherServlet'
2025-11-26T22:51:38.782+03:00  INFO 20068 --- [http-nio-9091-exec-1] o.s.web.servlet.DispatcherServlet        : Initializing Servlet 'dispatcherServlet'
2025-11-26T22:51:38.787+03:00  INFO 20068 --- [http-nio-9091-exec-1] o.s.web.servlet.DispatcherServlet        : Completed initialization in 5 ms
2025-11-26T22:51:38.944+03:00  WARN 20068 --- [http-nio-9091-exec-1] org.example.security.CustomFilter        : /api/v1/partition/RefineryReport/HTML/3/2025-09-01/2025-11-26/NORMAL
2025-11-26T22:51:39.057+03:00  WARN 20068 --- [http-nio-9091-exec-1] org.example.security.CustomFilter        : /api/v1/partition/RefineryReport/HTML/3/2025-09-01/2025-11-26/NORMAL headers org.apache.tomcat.util.http.ValuesEnumerator@2693df82
2025-11-26T22:51:39.112+03:00  WARN 20068 --- [http-nio-9091-exec-1] ocalVariableTableParameterNameDiscoverer : Using deprecated '-debug' fallback for parameter name resolution. Compile the affected code with '-parameters' instead or avoid its introspection: org.example.controllers.PartitionController
2025-11-26T22:51:41.574+03:00 ERROR 20068 --- [http-nio-9091-exec-1] o.a.c.c.C.[.[.[/].[dispatcherServlet]    : Servlet.service() for servlet [dispatcherServlet] in context with path [] threw exception [Request processing failed: java.lang.RuntimeException: net.sf.jasperreports.engine.JRException: Errors were encountered when compiling report expressions class file:
1. org.example.entities cannot be resolved to a type
    ? ((org.example.entities.TransLogEntity((java.util.Set)field_transportationEntity46transLogs.getValue()).iterator().next()).getNotes() //$JR_EXPR_ID=17$
        <------------------>
2. Syntax error, insert ")" to complete Expression
    ? ((org.example.entities.TransLogEntity((java.util.Set)field_transportationEntity46transLogs.getValue()).iterator().next()).getNotes() //$JR_EXPR_ID=17$
                                                                                                                                         ^
3. org.example.entities cannot be resolved to a type
    ? ((org.example.entities.TransLogEntity((java.util.Set)field_transportationEntity46transLogs.getOldValue()).iterator().next()).getNotes() //$JR_EXPR_ID=17$
        <------------------>
4. Syntax error, insert ")" to complete Expression
    ? ((org.example.entities.TransLogEntity((java.util.Set)field_transportationEntity46transLogs.getOldValue()).iterator().next()).getNotes() //$JR_EXPR_ID=17$
                                                                                                                                            ^
5. org.example.entities cannot be resolved to a type
    ? ((org.example.entities.TransLogEntity((java.util.Set)field_transportationEntity46transLogs.getValue()).iterator().next()).getNotes() //$JR_EXPR_ID=17$
        <------------------>
6. Syntax error, insert ")" to complete Expression
    ? ((org.example.entities.TransLogEntity((java.util.Set)field_transportationEntity46transLogs.getValue()).iterator().next()).getNotes() //$JR_EXPR_ID=17$
                                                                                                                                         ^
6 errors
.] with root cause

net.sf.jasperreports.engine.JRException: Errors were encountered when compiling report expressions class file:
1. org.example.entities cannot be resolved to a type
    ? ((org.example.entities.TransLogEntity((java.util.Set)field_transportationEntity46transLogs.getValue()).iterator().next()).getNotes() //$JR_EXPR_ID=17$
        <------------------>
2. Syntax error, insert ")" to complete Expression
    ? ((org.example.entities.TransLogEntity((java.util.Set)field_transportationEntity46transLogs.getValue()).iterator().next()).getNotes() //$JR_EXPR_ID=17$
                                                                                                                                         ^
3. org.example.entities cannot be resolved to a type
    ? ((org.example.entities.TransLogEntity((java.util.Set)field_transportationEntity46transLogs.getOldValue()).iterator().next()).getNotes() //$JR_EXPR_ID=17$
        <------------------>
4. Syntax error, insert ")" to complete Expression
    ? ((org.example.entities.TransLogEntity((java.util.Set)field_transportationEntity46transLogs.getOldValue()).iterator().next()).getNotes() //$JR_EXPR_ID=17$
                                                                                                                                            ^
5. org.example.entities cannot be resolved to a type
    ? ((org.example.entities.TransLogEntity((java.util.Set)field_transportationEntity46transLogs.getValue()).iterator().next()).getNotes() //$JR_EXPR_ID=17$
        <------------------>
6. Syntax error, insert ")" to complete Expression
    ? ((org.example.entities.TransLogEntity((java.util.Set)field_transportationEntity46transLogs.getValue()).iterator().next()).getNotes() //$JR_EXPR_ID=17$
                                                                                                                                         ^
6 errors
.
	at net.sf.jasperreports.engine.design.JRAbstractCompiler.compileReport(JRAbstractCompiler.java:234) ~[jasperreports-6.20.6.jar:6.20.6-5c96b6aa8a39ac1dc6b6bea4b81168e16dd39231]
	at net.sf.jasperreports.engine.JasperCompileManager.compile(JasperCompileManager.java:358) ~[jasperreports-6.20.6.jar:6.20.6-5c96b6aa8a39ac1dc6b6bea4b81168e16dd39231]
	at net.sf.jasperreports.engine.JasperCompileManager.compile(JasperCompileManager.java:344) ~[jasperreports-6.20.6.jar:6.20.6-5c96b6aa8a39ac1dc6b6bea4b81168e16dd39231]
	at net.sf.jasperreports.engine.JasperCompileManager.compileReport(JasperCompileManager.java:609) ~[jasperreports-6.20.6.jar:6.20.6-5c96b6aa8a39ac1dc6b6bea4b81168e16dd39231]
	at org.example.controllers.PartitionController.getRefineryReport(PartitionController.java:294) ~[classes/:na]
	at java.base/jdk.internal.reflect.DirectMethodHandleAccessor.invoke(DirectMethodHandleAccessor.java:104) ~[na:na]
	at java.base/java.lang.reflect.Method.invoke(Method.java:578) ~[na:na]
	at org.springframework.web.method.support.InvocableHandlerMethod.doInvoke(InvocableHandlerMethod.java:207) ~[spring-web-6.0.7.jar:6.0.7]
	at org.springframework.web.method.support.InvocableHandlerMethod.invokeForRequest(InvocableHandlerMethod.java:152) ~[spring-web-6.0.7.jar:6.0.7]
	at org.springframework.web.servlet.mvc.method.annotation.ServletInvocableHandlerMethod.invokeAndHandle(ServletInvocableHandlerMethod.java:118) ~[spring-webmvc-6.0.7.jar:6.0.7]
	at org.springframework.web.servlet.mvc.method.annotation.RequestMappingHandlerAdapter.invokeHandlerMethod(RequestMappingHandlerAdapter.java:884) ~[spring-webmvc-6.0.7.jar:6.0.7]
	at org.springframework.web.servlet.mvc.method.annotation.RequestMappingHandlerAdapter.handleInternal(RequestMappingHandlerAdapter.java:797) ~[spring-webmvc-6.0.7.jar:6.0.7]
	at org.springframework.web.servlet.mvc.method.AbstractHandlerMethodAdapter.handle(AbstractHandlerMethodAdapter.java:87) ~[spring-webmvc-6.0.7.jar:6.0.7]
	at org.springframework.web.servlet.DispatcherServlet.doDispatch(DispatcherServlet.java:1081) ~[spring-webmvc-6.0.7.jar:6.0.7]
	at org.springframework.web.servlet.DispatcherServlet.doService(DispatcherServlet.java:974) ~[spring-webmvc-6.0.7.jar:6.0.7]
	at org.springframework.web.servlet.FrameworkServlet.processRequest(FrameworkServlet.java:1011) ~[spring-webmvc-6.0.7.jar:6.0.7]
	at org.springframework.web.servlet.FrameworkServlet.doGet(FrameworkServlet.java:903) ~[spring-webmvc-6.0.7.jar:6.0.7]
	at jakarta.servlet.http.HttpServlet.service(HttpServlet.java:537) ~[tomcat-embed-core-10.1.7.jar:6.0]
	at org.springframework.web.servlet.FrameworkServlet.service(FrameworkServlet.java:885) ~[spring-webmvc-6.0.7.jar:6.0.7]
	at jakarta.servlet.http.HttpServlet.service(HttpServlet.java:631) ~[tomcat-embed-core-10.1.7.jar:6.0]
	at org.apache.catalina.core.ApplicationFilterChain.internalDoFilter(ApplicationFilterChain.java:205) ~[tomcat-embed-core-10.1.7.jar:10.1.7]
	at org.apache.catalina.core.ApplicationFilterChain.doFilter(ApplicationFilterChain.java:149) ~[tomcat-embed-core-10.1.7.jar:10.1.7]
	at org.apache.tomcat.websocket.server.WsFilter.doFilter(WsFilter.java:53) ~[tomcat-embed-websocket-10.1.7.jar:10.1.7]
	at org.apache.catalina.core.ApplicationFilterChain.internalDoFilter(ApplicationFilterChain.java:174) ~[tomcat-embed-core-10.1.7.jar:10.1.7]
	at org.apache.catalina.core.ApplicationFilterChain.doFilter(ApplicationFilterChain.java:149) ~[tomcat-embed-core-10.1.7.jar:10.1.7]
	at org.example.security.CustomFilter.doFilter(CustomFilter.java:87) ~[classes/:na]
	at org.apache.catalina.core.ApplicationFilterChain.internalDoFilter(ApplicationFilterChain.java:174) ~[tomcat-embed-core-10.1.7.jar:10.1.7]
	at org.apache.catalina.core.ApplicationFilterChain.doFilter(ApplicationFilterChain.java:149) ~[tomcat-embed-core-10.1.7.jar:10.1.7]
	at org.springframework.web.filter.RequestContextFilter.doFilterInternal(RequestContextFilter.java:100) ~[spring-web-6.0.7.jar:6.0.7]
	at org.springframework.web.filter.OncePerRequestFilter.doFilter(OncePerRequestFilter.java:116) ~[spring-web-6.0.7.jar:6.0.7]
	at org.apache.catalina.core.ApplicationFilterChain.internalDoFilter(ApplicationFilterChain.java:174) ~[tomcat-embed-core-10.1.7.jar:10.1.7]
	at org.apache.catalina.core.ApplicationFilterChain.doFilter(ApplicationFilterChain.java:149) ~[tomcat-embed-core-10.1.7.jar:10.1.7]
	at org.springframework.web.filter.FormContentFilter.doFilterInternal(FormContentFilter.java:93) ~[spring-web-6.0.7.jar:6.0.7]
	at org.springframework.web.filter.OncePerRequestFilter.doFilter(OncePerRequestFilter.java:116) ~[spring-web-6.0.7.jar:6.0.7]
	at org.apache.catalina.core.ApplicationFilterChain.internalDoFilter(ApplicationFilterChain.java:174) ~[tomcat-embed-core-10.1.7.jar:10.1.7]
	at org.apache.catalina.core.ApplicationFilterChain.doFilter(ApplicationFilterChain.java:149) ~[tomcat-embed-core-10.1.7.jar:10.1.7]
	at org.springframework.web.filter.ServerHttpObservationFilter.doFilterInternal(ServerHttpObservationFilter.java:109) ~[spring-web-6.0.7.jar:6.0.7]
	at org.springframework.web.filter.OncePerRequestFilter.doFilter(OncePerRequestFilter.java:116) ~[spring-web-6.0.7.jar:6.0.7]
	at org.apache.catalina.core.ApplicationFilterChain.internalDoFilter(ApplicationFilterChain.java:174) ~[tomcat-embed-core-10.1.7.jar:10.1.7]
	at org.apache.catalina.core.ApplicationFilterChain.doFilter(ApplicationFilterChain.java:149) ~[tomcat-embed-core-10.1.7.jar:10.1.7]
	at org.springframework.web.filter.CharacterEncodingFilter.doFilterInternal(CharacterEncodingFilter.java:201) ~[spring-web-6.0.7.jar:6.0.7]
	at org.springframework.web.filter.OncePerRequestFilter.doFilter(OncePerRequestFilter.java:116) ~[spring-web-6.0.7.jar:6.0.7]
	at org.apache.catalina.core.ApplicationFilterChain.internalDoFilter(ApplicationFilterChain.java:174) ~[tomcat-embed-core-10.1.7.jar:10.1.7]
	at org.apache.catalina.core.ApplicationFilterChain.doFilter(ApplicationFilterChain.java:149) ~[tomcat-embed-core-10.1.7.jar:10.1.7]
	at org.apache.catalina.core.StandardWrapperValve.invoke(StandardWrapperValve.java:166) ~[tomcat-embed-core-10.1.7.jar:10.1.7]
	at org.apache.catalina.core.StandardContextValve.invoke(StandardContextValve.java:90) ~[tomcat-embed-core-10.1.7.jar:10.1.7]
	at org.apache.catalina.authenticator.AuthenticatorBase.invoke(AuthenticatorBase.java:493) ~[tomcat-embed-core-10.1.7.jar:10.1.7]
	at org.apache.catalina.core.StandardHostValve.invoke(StandardHostValve.java:115) ~[tomcat-embed-core-10.1.7.jar:10.1.7]
	at org.apache.catalina.valves.ErrorReportValve.invoke(ErrorReportValve.java:93) ~[tomcat-embed-core-10.1.7.jar:10.1.7]
	at org.apache.catalina.core.StandardEngineValve.invoke(StandardEngineValve.java:74) ~[tomcat-embed-core-10.1.7.jar:10.1.7]
	at org.apache.catalina.connector.CoyoteAdapter.service(CoyoteAdapter.java:341) ~[tomcat-embed-core-10.1.7.jar:10.1.7]
	at org.apache.coyote.http11.Http11Processor.service(Http11Processor.java:390) ~[tomcat-embed-core-10.1.7.jar:10.1.7]
	at org.apache.coyote.AbstractProcessorLight.process(AbstractProcessorLight.java:63) ~[tomcat-embed-core-10.1.7.jar:10.1.7]
	at org.apache.coyote.AbstractProtocol$ConnectionHandler.process(AbstractProtocol.java:894) ~[tomcat-embed-core-10.1.7.jar:10.1.7]
	at org.apache.tomcat.util.net.NioEndpoint$SocketProcessor.doRun(NioEndpoint.java:1741) ~[tomcat-embed-core-10.1.7.jar:10.1.7]
	at org.apache.tomcat.util.net.SocketProcessorBase.run(SocketProcessorBase.java:52) ~[tomcat-embed-core-10.1.7.jar:10.1.7]
	at org.apache.tomcat.util.threads.ThreadPoolExecutor.runWorker(ThreadPoolExecutor.java:1191) ~[tomcat-embed-core-10.1.7.jar:10.1.7]
	at org.apache.tomcat.util.threads.ThreadPoolExecutor$Worker.run(ThreadPoolExecutor.java:659) ~[tomcat-embed-core-10.1.7.jar:10.1.7]
	at org.apache.tomcat.util.threads.TaskThread$WrappingRunnable.run(TaskThread.java:61) ~[tomcat-embed-core-10.1.7.jar:10.1.7]
	at java.base/java.lang.Thread.run(Thread.java:1623) ~[na:na]

2025-11-26T22:52:46.038+03:00  INFO 20068 --- [SpringApplicationShutdownHook] j.LocalContainerEntityManagerFactoryBean : Closing JPA EntityManagerFactory for persistence unit 'default'
2025-11-26T22:52:46.047+03:00  INFO 20068 --- [SpringApplicationShutdownHook] com.zaxxer.hikari.HikariDataSource       : HikariPool-1 - Shutdown initiated...
2025-11-26T22:52:46.078+03:00  INFO 20068 --- [SpringApplicationShutdownHook] com.zaxxer.hikari.HikariDataSource       : HikariPool-1 - Shutdown completed.
